{"name":"root","children":[{"children":[{"children":[{"name":"v108","title":"Confidence in churches","children":[{"name":"A great deal","size":0},{"name":"DK","size":"4.6"},{"name":"NA","size":"0"},{"name":"None at all","size":"11"},{"name":"Not very much","size":"19.6"},{"name":"Quite a lot","size":"38.2"}]},{"name":"v110","title":"Confidence in the press","children":[{"name":"A great deal","size":0},{"name":"DK","size":"3.1"},{"name":"NA","size":"0"},{"name":"None at all","size":"20.9"},{"name":"Not very much","size":"42.9"},{"name":"Quite a lot","size":"30.1"}]},{"name":"v113","title":"Confidence in the police","children":[{"name":"A great deal","size":0},{"name":"DK","size":"1.6"},{"name":"NA","size":"0"},{"name":"None at all","size":"31.4"},{"name":"Not very much","size":"35.6"},{"name":"Quite a lot","size":"24.8"}]},{"name":"v114","title":"Confidence in the courts","children":[{"name":"A great deal","size":0},{"name":"DK","size":"2.9"},{"name":"NA","size":"0"},{"name":"None at all","size":"29.1"},{"name":"Not very much","size":"37.6"},{"name":"Quite a lot","size":"23.8"}]},{"name":"v115","title":"Confidence in the government","children":[{"name":"A great deal","size":0},{"name":"DK","size":"2.8"},{"name":"NA","size":"0"},{"name":"None at all","size":"25"},{"name":"Not very much","size":"31"},{"name":"Quite a lot","size":"33.3"}]},{"name":"v121","title":"Confidence in banks","children":[{"name":"A great deal","size":0},{"name":"DK","size":0},{"name":"NA","size":0},{"name":"None at all","size":0},{"name":"Not very much","size":0},{"name":"Quite a lot","size":0}]},{"name":"v122","title":"Confidence in environmental organisations","children":[{"name":"A great deal","size":0},{"name":"DK","size":"13"},{"name":"NA","size":"0"},{"name":"None at all","size":"22.1"},{"name":"Not very much","size":"24.2"},{"name":"Quite a lot","size":"30.8"}]},{"name":"v123","title":"Confidence in women's organisations","children":[{"name":"A great deal","size":0},{"name":"DK","size":"8.8"},{"name":"NA","size":"0"},{"name":"None at all","size":"36.6"},{"name":"Not very much","size":"28"},{"name":"Quite a lot","size":"21.3"}]}],"name":"Armenia"},{"children":[{"name":"v108","title":"Confidence in churches","children":[{"name":"A great deal","size":0},{"name":"DK","size":"8.2"},{"name":"NA","size":"0"},{"name":"None at all","size":"6.9"},{"name":"Not very much","size":"18.6"},{"name":"Quite a lot","size":"50.3"}]},{"name":"v110","title":"Confidence in the press","children":[{"name":"A great deal","size":0},{"name":"DK","size":"6.1"},{"name":"NA","size":"0"},{"name":"None at all","size":"25.9"},{"name":"Not very much","size":"38.3"},{"name":"Quite a lot","size":"27.2"}]},{"name":"v113","title":"Confidence in the police","children":[{"name":"A great deal","size":0},{"name":"DK","size":"8.2"},{"name":"NA","size":"0"},{"name":"None at all","size":"9.6"},{"name":"Not very much","size":"44.4"},{"name":"Quite a lot","size":"29.9"}]},{"name":"v114","title":"Confidence in the courts","children":[{"name":"A great deal","size":0},{"name":"DK","size":"5.2"},{"name":"NA","size":"0"},{"name":"None at all","size":"8.2"},{"name":"Not very much","size":"42.4"},{"name":"Quite a lot","size":"39.4"}]},{"name":"v115","title":"Confidence in the government","children":[{"name":"A great deal","size":0},{"name":"DK","size":"6.9"},{"name":"NA","size":"0"},{"name":"None at all","size":"2.5"},{"name":"Not very much","size":"4.7"},{"name":"Quite a lot","size":"48.5"}]},{"name":"v121","title":"Confidence in banks","children":[{"name":"A great deal","size":0},{"name":"DK","size":0},{"name":"NA","size":0},{"name":"None at all","size":0},{"name":"Not very much","size":0},{"name":"Quite a lot","size":0}]},{"name":"v122","title":"Confidence in environmental organisations","children":[{"name":"A great deal","size":0},{"name":"DK","size":"33.3"},{"name":"NA","size":"0"},{"name":"None at all","size":"29.2"},{"name":"Not very much","size":"28"},{"name":"Quite a lot","size":"8.2"}]},{"name":"v123","title":"Confidence in women's organisations","children":[{"name":"A great deal","size":0},{"name":"DK","size":"36.9"},{"name":"NA","size":"0"},{"name":"None at all","size":"30.2"},{"name":"Not very much","size":"20.6"},{"name":"Quite a lot","size":"10.2"}]}],"name":"Azerbaijan"},{"children":[{"name":"v108","title":"Confidence in churches","children":[{"name":"A great deal","size":0},{"name":"DK","size":"4"},{"name":"NA","size":"0"},{"name":"None at all","size":"6.6"},{"name":"Not very much","size":"18.4"},{"name":"Quite a lot","size":"39.1"}]},{"name":"v110","title":"Confidence in the press","children":[{"name":"A great deal","size":0},{"name":"DK","size":"3.1"},{"name":"NA","size":"0"},{"name":"None at all","size":"14.7"},{"name":"Not very much","size":"42.1"},{"name":"Quite a lot","size":"35.6"}]},{"name":"v113","title":"Confidence in the police","children":[{"name":"A great deal","size":0},{"name":"DK","size":"2.5"},{"name":"NA","size":"0"},{"name":"None at all","size":"25.2"},{"name":"Not very much","size":"35.5"},{"name":"Quite a lot","size":"28.1"}]},{"name":"v114","title":"Confidence in the courts","children":[{"name":"A great deal","size":0},{"name":"DK","size":"4.6"},{"name":"NA","size":"0"},{"name":"None at all","size":"14"},{"name":"Not very much","size":"34.8"},{"name":"Quite a lot","size":"35.8"}]},{"name":"v115","title":"Confidence in the government","children":[{"name":"A great deal","size":0},{"name":"DK","size":"6.5"},{"name":"NA","size":"0"},{"name":"None at all","size":"15.7"},{"name":"Not very much","size":"30"},{"name":"Quite a lot","size":"34.4"}]},{"name":"v121","title":"Confidence in banks","children":[{"name":"A great deal","size":0},{"name":"DK","size":0},{"name":"NA","size":0},{"name":"None at all","size":0},{"name":"Not very much","size":0},{"name":"Quite a lot","size":0}]},{"name":"v122","title":"Confidence in environmental organisations","children":[{"name":"A great deal","size":0},{"name":"DK","size":"19.2"},{"name":"NA","size":"0"},{"name":"None at all","size":"3.2"},{"name":"Not very much","size":"14.3"},{"name":"Quite a lot","size":"43"}]},{"name":"v123","title":"Confidence in women's organisations","children":[{"name":"A great deal","size":0},{"name":"DK","size":"22.3"},{"name":"NA","size":"0"},{"name":"None at all","size":"6.2"},{"name":"Not very much","size":"17.4"},{"name":"Quite a lot","size":"36.9"}]}],"name":"Belarus"},{"children":[{"name":"v108","title":"Confidence in churches","children":[{"name":"A great deal","size":0},{"name":"DK"},{"name":"NA"},{"name":"None at all"},{"name":"Not very much"},{"name":"Quite a lot"}]},{"name":"v110","title":"Confidence in the press","children":[{"name":"A great deal","size":0},{"name":"DK"},{"name":"NA"},{"name":"None at all"},{"name":"Not very much"},{"name":"Quite a lot"}]},{"name":"v113","title":"Confidence in the police","children":[{"name":"A great deal","size":0},{"name":"DK"},{"name":"NA"},{"name":"None at all"},{"name":"Not very much"},{"name":"Quite a lot"}]},{"name":"v114","title":"Confidence in the courts","children":[{"name":"A great deal","size":0},{"name":"DK"},{"name":"NA"},{"name":"None at all"},{"name":"Not very much"},{"name":"Quite a lot"}]},{"name":"v115","title":"Confidence in the government","children":[{"name":"A great deal","size":0},{"name":"DK"},{"name":"NA"},{"name":"None at all"},{"name":"Not very much"},{"name":"Quite a lot"}]},{"name":"v121","title":"Confidence in banks","children":[{"name":"A great deal","size":0},{"name":"DK","size":0},{"name":"NA","size":0},{"name":"None at all","size":0},{"name":"Not very much","size":0},{"name":"Quite a lot","size":0}]},{"name":"v122","title":"Confidence in environmental organisations","children":[{"name":"A great deal","size":0},{"name":"DK"},{"name":"NA"},{"name":"None at all"},{"name":"Not very much"},{"name":"Quite a lot"}]},{"name":"v123","title":"Confidence in women's organisations","children":[{"name":"A great deal","size":0},{"name":"DK"},{"name":"NA"},{"name":"None at all"},{"name":"Not very much"},{"name":"Quite a lot"}]}],"name":"Cyprus"},{"children":[{"name":"v108","title":"Confidence in churches","children":[{"name":"A great deal","size":0},{"name":"DK","size":"2.4"},{"name":"NA","size":"0"},{"name":"None at all","size":"7.1"},{"name":"Not very much","size":"12.2"},{"name":"Quite a lot","size":"42.7"}]},{"name":"v110","title":"Confidence in the press","children":[{"name":"A great deal","size":0},{"name":"DK","size":"1.6"},{"name":"NA","size":"0"},{"name":"None at all","size":"11.7"},{"name":"Not very much","size":"27.7"},{"name":"Quite a lot","size":"51.7"}]},{"name":"v113","title":"Confidence in the police","children":[{"name":"A great deal","size":0},{"name":"DK","size":"1.9"},{"name":"NA","size":"0"},{"name":"None at all","size":"32.3"},{"name":"Not very much","size":"28.6"},{"name":"Quite a lot","size":"31.6"}]},{"name":"v114","title":"Confidence in the courts","children":[{"name":"A great deal","size":0},{"name":"DK","size":"2.7"},{"name":"NA","size":"0"},{"name":"None at all","size":"21.6"},{"name":"Not very much","size":"31.4"},{"name":"Quite a lot","size":"36.6"}]},{"name":"v115","title":"Confidence in the government","children":[{"name":"A great deal","size":0},{"name":"DK","size":"2.1"},{"name":"NA","size":"0"},{"name":"None at all","size":"22.3"},{"name":"Not very much","size":"25.6"},{"name":"Quite a lot","size":"42.3"}]},{"name":"v121","title":"Confidence in banks","children":[{"name":"A great deal","size":0},{"name":"DK","size":0},{"name":"NA","size":0},{"name":"None at all","size":0},{"name":"Not very much","size":0},{"name":"Quite a lot","size":0}]},{"name":"v122","title":"Confidence in environmental organisations","children":[{"name":"A great deal","size":0},{"name":"DK","size":"8.7"},{"name":"NA","size":"0"},{"name":"None at all","size":"4.4"},{"name":"Not very much","size":"17.1"},{"name":"Quite a lot","size":"49.6"}]},{"name":"v123","title":"Confidence in women's organisations","children":[{"name":"A great deal","size":0},{"name":"DK","size":"17.9"},{"name":"NA","size":"0"},{"name":"None at all","size":"6.3"},{"name":"Not very much","size":"24.5"},{"name":"Quite a lot","size":"38.5"}]}],"name":"Estonia"},{"children":[{"name":"v108","title":"Confidence in churches","children":[{"name":"A great deal","size":0},{"name":"DK","size":"2.3"},{"name":"NA","size":"0"},{"name":"None at all","size":"27"},{"name":"Not very much","size":"43.5"},{"name":"Quite a lot","size":"22.9"}]},{"name":"v110","title":"Confidence in the press","children":[{"name":"A great deal","size":0},{"name":"DK","size":"1"},{"name":"NA","size":"0"},{"name":"None at all","size":"24.4"},{"name":"Not very much","size":"57.3"},{"name":"Quite a lot","size":"16.2"}]},{"name":"v113","title":"Confidence in the police","children":[{"name":"A great deal","size":0},{"name":"DK","size":"0.7"},{"name":"NA","size":"0"},{"name":"None at all","size":"5.5"},{"name":"Not very much","size":"32.9"},{"name":"Quite a lot","size":"53.8"}]},{"name":"v114","title":"Confidence in the courts","children":[{"name":"A great deal","size":0},{"name":"DK","size":"1.7"},{"name":"NA","size":"0"},{"name":"None at all","size":"10"},{"name":"Not very much","size":"45.2"},{"name":"Quite a lot","size":"38.4"}]},{"name":"v115","title":"Confidence in the government","children":[{"name":"A great deal","size":0},{"name":"DK","size":"2.5"},{"name":"NA","size":"0"},{"name":"None at all","size":"25.2"},{"name":"Not very much","size":"52.2"},{"name":"Quite a lot","size":"18.7"}]},{"name":"v121","title":"Confidence in banks","children":[{"name":"A great deal","size":0},{"name":"DK","size":0},{"name":"NA","size":0},{"name":"None at all","size":0},{"name":"Not very much","size":0},{"name":"Quite a lot","size":0}]},{"name":"v122","title":"Confidence in environmental organisations","children":[{"name":"A great deal","size":0},{"name":"DK","size":"6.6"},{"name":"NA","size":"0"},{"name":"None at all","size":"23.9"},{"name":"Not very much","size":"30.1"},{"name":"Quite a lot","size":"32"}]},{"name":"v123","title":"Confidence in women's organisations","children":[{"name":"A great deal","size":0},{"name":"DK","size":"10"},{"name":"NA","size":"0"},{"name":"None at all","size":"24.2"},{"name":"Not very much","size":"29.1"},{"name":"Quite a lot","size":"29.9"}]}],"name":"Georgia"},{"children":[{"name":"v108","title":"Confidence in churches","children":[{"name":"A great deal","size":0},{"name":"DK","size":"13.4"},{"name":"NA","size":"0"},{"name":"None at all","size":"8"},{"name":"Not very much","size":"15.6"},{"name":"Quite a lot","size":"35.4"}]},{"name":"v110","title":"Confidence in the press","children":[{"name":"A great deal","size":0},{"name":"DK","size":"17.4"},{"name":"NA","size":"0"},{"name":"None at all","size":"5"},{"name":"Not very much","size":"25.4"},{"name":"Quite a lot","size":"40.9"}]},{"name":"v113","title":"Confidence in the police","children":[{"name":"A great deal","size":0},{"name":"DK","size":"13"},{"name":"NA","size":"0"},{"name":"None at all","size":"22.5"},{"name":"Not very much","size":"28.7"},{"name":"Quite a lot","size":"24"}]},{"name":"v114","title":"Confidence in the courts","children":[{"name":"A great deal","size":0},{"name":"DK","size":"14.7"},{"name":"NA","size":"0"},{"name":"None at all","size":"4.1"},{"name":"Not very much","size":"14.4"},{"name":"Quite a lot","size":"47.8"}]},{"name":"v115","title":"Confidence in the government","children":[{"name":"A great deal","size":0},{"name":"DK","size":"17"},{"name":"NA","size":"0"},{"name":"None at all","size":"12.3"},{"name":"Not very much","size":"22.4"},{"name":"Quite a lot","size":"36.8"}]},{"name":"v121","title":"Confidence in banks","children":[{"name":"A great deal","size":0},{"name":"DK","size":0},{"name":"NA","size":0},{"name":"None at all","size":0},{"name":"Not very much","size":0},{"name":"Quite a lot","size":0}]},{"name":"v122","title":"Confidence in environmental organisations","children":[{"name":"A great deal","size":0},{"name":"DK","size":"3"},{"name":"NA","size":"0"},{"name":"None at all","size":"2.6"},{"name":"Not very much","size":"28.5"},{"name":"Quite a lot","size":"58.3"}]},{"name":"v123","title":"Confidence in women's organisations","children":[{"name":"A great deal","size":0},{"name":"DK","size":"9.2"},{"name":"NA","size":"0"},{"name":"None at all","size":"8.3"},{"name":"Not very much","size":"34.6"},{"name":"Quite a lot","size":"42.4"}]}],"name":"Germany"},{"children":[{"name":"v108","title":"Confidence in churches","children":[{"name":"A great deal","size":0},{"name":"DK"},{"name":"NA"},{"name":"None at all"},{"name":"Not very much"},{"name":"Quite a lot"}]},{"name":"v110","title":"Confidence in the press","children":[{"name":"A great deal","size":0},{"name":"DK"},{"name":"NA"},{"name":"None at all"},{"name":"Not very much"},{"name":"Quite a lot"}]},{"name":"v113","title":"Confidence in the police","children":[{"name":"A great deal","size":0},{"name":"DK"},{"name":"NA"},{"name":"None at all"},{"name":"Not very much"},{"name":"Quite a lot"}]},{"name":"v114","title":"Confidence in the courts","children":[{"name":"A great deal","size":0},{"name":"DK"},{"name":"NA"},{"name":"None at all"},{"name":"Not very much"},{"name":"Quite a lot"}]},{"name":"v115","title":"Confidence in the government","children":[{"name":"A great deal","size":0},{"name":"DK"},{"name":"NA"},{"name":"None at all"},{"name":"Not very much"},{"name":"Quite a lot"}]},{"name":"v121","title":"Confidence in banks","children":[{"name":"A great deal","size":0},{"name":"DK","size":0},{"name":"NA","size":0},{"name":"None at all","size":0},{"name":"Not very much","size":0},{"name":"Quite a lot","size":0}]},{"name":"v122","title":"Confidence in environmental organisations","children":[{"name":"A great deal","size":0},{"name":"DK"},{"name":"NA"},{"name":"None at all"},{"name":"Not very much"},{"name":"Quite a lot"}]},{"name":"v123","title":"Confidence in women's organisations","children":[{"name":"A great deal","size":0},{"name":"DK"},{"name":"NA"},{"name":"None at all"},{"name":"Not very much"},{"name":"Quite a lot"}]}],"name":"Netherlands"},{"children":[{"name":"v108","title":"Confidence in churches","children":[{"name":"A great deal","size":0},{"name":"DK","size":0},{"name":"NA","size":0},{"name":"None at all","size":0},{"name":"Not very much","size":0},{"name":"Quite a lot","size":0}]},{"name":"v110","title":"Confidence in the press","children":[{"name":"A great deal","size":0},{"name":"DK","size":0},{"name":"NA","size":0},{"name":"None at all","size":0},{"name":"Not very much","size":0},{"name":"Quite a lot","size":0}]},{"name":"v113","title":"Confidence in the police","children":[{"name":"A great deal","size":0},{"name":"DK","size":0},{"name":"NA","size":0},{"name":"None at all","size":0},{"name":"Not very much","size":0},{"name":"Quite a lot","size":0}]},{"name":"v114","title":"Confidence in the courts","children":[{"name":"A great deal","size":0},{"name":"DK","size":0},{"name":"NA","size":0},{"name":"None at all","size":0},{"name":"Not very much","size":0},{"name":"Quite a lot","size":0}]},{"name":"v115","title":"Confidence in the government","children":[{"name":"A great deal","size":0},{"name":"DK","size":0},{"name":"NA","size":0},{"name":"None at all","size":0},{"name":"Not very much","size":0},{"name":"Quite a lot","size":0}]},{"name":"v121","title":"Confidence in banks","children":[{"name":"A great deal","size":0},{"name":"DK","size":0},{"name":"NA","size":0},{"name":"None at all","size":0},{"name":"Not very much","size":0},{"name":"Quite a lot","size":0}]},{"name":"v122","title":"Confidence in environmental organisations","children":[{"name":"A great deal","size":0},{"name":"DK","size":3.3},{"name":"NA","size":0},{"name":"None at all","size":1.6},{"name":"Not very much","size":23.2},{"name":"Quite a lot","size":60.3}]},{"name":"v123","title":"Confidence in women's organisations","children":[{"name":"A great deal","size":0},{"name":"DK","size":11.1},{"name":"NA","size":0},{"name":"None at all","size":6.4},{"name":"Not very much","size":37.1},{"name":"Quite a lot","size":40.9}]}],"name":"Sweden"}],"name":"europe"},{"children":[{"children":[{"name":"v108","title":"Confidence in churches","children":[{"name":"A great deal","size":0},{"name":"DK","size":"1.7"},{"name":"NA","size":"0"},{"name":"None at all","size":"19.1"},{"name":"Not very much","size":"29.8"},{"name":"Quite a lot","size":"26.5"}]},{"name":"v110","title":"Confidence in the press","children":[{"name":"A great deal","size":0},{"name":"DK","size":"2.1"},{"name":"NA","size":"0"},{"name":"None at all","size":"16.8"},{"name":"Not very much","size":"48.4"},{"name":"Quite a lot","size":"25.7"}]},{"name":"v113","title":"Confidence in the police","children":[{"name":"A great deal","size":0},{"name":"DK","size":"1.6"},{"name":"NA","size":"0"},{"name":"None at all","size":"30.5"},{"name":"Not very much","size":"45.7"},{"name":"Quite a lot","size":"18.4"}]},{"name":"v114","title":"Confidence in the courts","children":[{"name":"A great deal","size":0},{"name":"DK","size":"1.5"},{"name":"NA","size":"0"},{"name":"None at all","size":"25.3"},{"name":"Not very much","size":"46.9"},{"name":"Quite a lot","size":"19.6"}]},{"name":"v115","title":"Confidence in the government","children":[{"name":"A great deal","size":0},{"name":"DK","size":"2.5"},{"name":"NA","size":"0"},{"name":"None at all","size":"30.8"},{"name":"Not very much","size":"40.7"},{"name":"Quite a lot","size":"21"}]},{"name":"v121","title":"Confidence in banks","children":[{"name":"A great deal","size":0},{"name":"DK","size":0},{"name":"NA","size":0},{"name":"None at all","size":0},{"name":"Not very much","size":0},{"name":"Quite a lot","size":0}]},{"name":"v122","title":"Confidence in environmental organisations","children":[{"name":"A great deal","size":0},{"name":"DK","size":"15.1"},{"name":"NA","size":"0"},{"name":"None at all","size":"6.8"},{"name":"Not very much","size":"16.9"},{"name":"Quite a lot","size":"44.1"}]},{"name":"v123","title":"Confidence in women's organisations","children":[{"name":"A great deal","size":0},{"name":"DK","size":"20"},{"name":"NA","size":"0"},{"name":"None at all","size":"21.1"},{"name":"Not very much","size":"26.4"},{"name":"Quite a lot","size":"25.2"}]}],"name":"Argentina"},{"children":[{"name":"v108","title":"Confidence in churches","children":[{"name":"A great deal","size":0},{"name":"DK"},{"name":"NA"},{"name":"None at all"},{"name":"Not very much"},{"name":"Quite a lot"}]},{"name":"v110","title":"Confidence in the press","children":[{"name":"A great deal","size":0},{"name":"DK"},{"name":"NA"},{"name":"None at all"},{"name":"Not very much"},{"name":"Quite a lot"}]},{"name":"v113","title":"Confidence in the police","children":[{"name":"A great deal","size":0},{"name":"DK"},{"name":"NA"},{"name":"None at all"},{"name":"Not very much"},{"name":"Quite a lot"}]},{"name":"v114","title":"Confidence in the courts","children":[{"name":"A great deal","size":0},{"name":"DK"},{"name":"NA"},{"name":"None at all"},{"name":"Not very much"},{"name":"Quite a lot"}]},{"name":"v115","title":"Confidence in the government","children":[{"name":"A great deal","size":0},{"name":"DK"},{"name":"NA"},{"name":"None at all"},{"name":"Not very much"},{"name":"Quite a lot"}]},{"name":"v121","title":"Confidence in banks","children":[{"name":"A great deal","size":0},{"name":"DK","size":0},{"name":"NA","size":0},{"name":"None at all","size":0},{"name":"Not very much","size":0},{"name":"Quite a lot","size":0}]},{"name":"v122","title":"Confidence in environmental organisations","children":[{"name":"A great deal","size":0},{"name":"DK"},{"name":"NA"},{"name":"None at all"},{"name":"Not very much"},{"name":"Quite a lot"}]},{"name":"v123","title":"Confidence in women's organisations","children":[{"name":"A great deal","size":0},{"name":"DK"},{"name":"NA"},{"name":"None at all"},{"name":"Not very much"},{"name":"Quite a lot"}]}],"name":"Brazil"},{"children":[{"name":"v108","title":"Confidence in churches","children":[{"name":"A great deal","size":0},{"name":"DK","size":"5.6"},{"name":"NA","size":"0"},{"name":"None at all","size":"12.9"},{"name":"Not very much","size":"24.6"},{"name":"Quite a lot","size":"43.2"}]},{"name":"v110","title":"Confidence in the press","children":[{"name":"A great deal","size":0},{"name":"DK","size":"1.3"},{"name":"NA","size":"0"},{"name":"None at all","size":"8.3"},{"name":"Not very much","size":"36.3"},{"name":"Quite a lot","size":"48.1"}]},{"name":"v113","title":"Confidence in the police","children":[{"name":"A great deal","size":0},{"name":"DK","size":"2"},{"name":"NA","size":"0"},{"name":"None at all","size":"15.5"},{"name":"Not very much","size":"32.6"},{"name":"Quite a lot","size":"43.7"}]},{"name":"v114","title":"Confidence in the courts","children":[{"name":"A great deal","size":0},{"name":"DK","size":"2.6"},{"name":"NA","size":"0"},{"name":"None at all","size":"8"},{"name":"Not very much","size":"29.3"},{"name":"Quite a lot","size":"52.1"}]},{"name":"v115","title":"Confidence in the government","children":[{"name":"A great deal","size":0},{"name":"DK","size":"2.9"},{"name":"NA","size":"0"},{"name":"None at all","size":"13.3"},{"name":"Not very much","size":"35.1"},{"name":"Quite a lot","size":"42.3"}]},{"name":"v121","title":"Confidence in banks","children":[{"name":"A great deal","size":0},{"name":"DK","size":0},{"name":"NA","size":0},{"name":"None at all","size":0},{"name":"Not very much","size":0},{"name":"Quite a lot","size":0}]},{"name":"v122","title":"Confidence in environmental organisations","children":[{"name":"A great deal","size":0},{"name":"DK","size":"2.6"},{"name":"NA","size":"0"},{"name":"None at all","size":"10.4"},{"name":"Not very much","size":"18.7"},{"name":"Quite a lot","size":"38.4"}]},{"name":"v123","title":"Confidence in women's organisations","children":[{"name":"A great deal","size":0},{"name":"DK","size":"4"},{"name":"NA","size":"0"},{"name":"None at all","size":"19"},{"name":"Not very much","size":"26.8"},{"name":"Quite a lot","size":"34.8"}]}],"name":"Colombia"},{"children":[{"name":"v108","title":"Confidence in churches","children":[{"name":"A great deal","size":0},{"name":"DK","size":"0.6"},{"name":"NA","size":"0"},{"name":"None at all","size":"4.5"},{"name":"Not very much","size":"15.4"},{"name":"Quite a lot","size":"35.1"}]},{"name":"v110","title":"Confidence in the press","children":[{"name":"A great deal","size":0},{"name":"DK","size":"1"},{"name":"NA","size":"0"},{"name":"None at all","size":"14.8"},{"name":"Not very much","size":"33.2"},{"name":"Quite a lot","size":"44.4"}]},{"name":"v113","title":"Confidence in the police","children":[{"name":"A great deal","size":0},{"name":"DK","size":"0.9"},{"name":"NA","size":"0"},{"name":"None at all","size":"18"},{"name":"Not very much","size":"31"},{"name":"Quite a lot","size":"36.2"}]},{"name":"v114","title":"Confidence in the courts","children":[{"name":"A great deal","size":0},{"name":"DK","size":"1.6"},{"name":"NA","size":"0"},{"name":"None at all","size":"17.9"},{"name":"Not very much","size":"36.2"},{"name":"Quite a lot","size":"36.4"}]},{"name":"v115","title":"Confidence in the government","children":[{"name":"A great deal","size":0},{"name":"DK","size":"1.4"},{"name":"NA","size":"0"},{"name":"None at all","size":"13.8"},{"name":"Not very much","size":"32.9"},{"name":"Quite a lot","size":"41"}]},{"name":"v121","title":"Confidence in banks","children":[{"name":"A great deal","size":0},{"name":"DK","size":0},{"name":"NA","size":0},{"name":"None at all","size":0},{"name":"Not very much","size":0},{"name":"Quite a lot","size":0}]},{"name":"v122","title":"Confidence in environmental organisations","children":[{"name":"A great deal","size":0},{"name":"DK","size":"4.4"},{"name":"NA","size":"0"},{"name":"None at all","size":"5"},{"name":"Not very much","size":"15.8"},{"name":"Quite a lot","size":"38.8"}]},{"name":"v123","title":"Confidence in women's organisations","children":[{"name":"A great deal","size":0},{"name":"DK","size":"8"},{"name":"NA","size":"0"},{"name":"None at all","size":"18.5"},{"name":"Not very much","size":"26.3"},{"name":"Quite a lot","size":"30.2"}]}],"name":"Chile"},{"children":[{"name":"v108","title":"Confidence in churches","children":[{"name":"A great deal","size":0},{"name":"DK"},{"name":"NA"},{"name":"None at all"},{"name":"Not very much"},{"name":"Quite a lot"}]},{"name":"v110","title":"Confidence in the press","children":[{"name":"A great deal","size":0},{"name":"DK"},{"name":"NA"},{"name":"None at all"},{"name":"Not very much"},{"name":"Quite a lot"}]},{"name":"v113","title":"Confidence in the police","children":[{"name":"A great deal","size":0},{"name":"DK"},{"name":"NA"},{"name":"None at all"},{"name":"Not very much"},{"name":"Quite a lot"}]},{"name":"v114","title":"Confidence in the courts","children":[{"name":"A great deal","size":0},{"name":"DK"},{"name":"NA"},{"name":"None at all"},{"name":"Not very much"},{"name":"Quite a lot"}]},{"name":"v115","title":"Confidence in the government","children":[{"name":"A great deal","size":0},{"name":"DK"},{"name":"NA"},{"name":"None at all"},{"name":"Not very much"},{"name":"Quite a lot"}]},{"name":"v121","title":"Confidence in banks","children":[{"name":"A great deal","size":0},{"name":"DK","size":0},{"name":"NA","size":0},{"name":"None at all","size":0},{"name":"Not very much","size":0},{"name":"Quite a lot","size":0}]},{"name":"v122","title":"Confidence in environmental organisations","children":[{"name":"A great deal","size":0},{"name":"DK"},{"name":"NA"},{"name":"None at all"},{"name":"Not very much"},{"name":"Quite a lot"}]},{"name":"v123","title":"Confidence in women's organisations","children":[{"name":"A great deal","size":0},{"name":"DK"},{"name":"NA"},{"name":"None at all"},{"name":"Not very much"},{"name":"Quite a lot"}]}],"name":"Ecuador"}],"name":"south america"},{"children":[{"children":[{"name":"v108","title":"Confidence in churches","children":[{"name":"A great deal","size":0},{"name":"DK"},{"name":"NA"},{"name":"None at all"},{"name":"Not very much"},{"name":"Quite a lot"}]},{"name":"v110","title":"Confidence in the press","children":[{"name":"A great deal","size":0},{"name":"DK"},{"name":"NA"},{"name":"None at all"},{"name":"Not very much"},{"name":"Quite a lot"}]},{"name":"v113","title":"Confidence in the police","children":[{"name":"A great deal","size":0},{"name":"DK"},{"name":"NA"},{"name":"None at all"},{"name":"Not very much"},{"name":"Quite a lot"}]},{"name":"v114","title":"Confidence in the courts","children":[{"name":"A great deal","size":0},{"name":"DK"},{"name":"NA"},{"name":"None at all"},{"name":"Not very much"},{"name":"Quite a lot"}]},{"name":"v115","title":"Confidence in the government","children":[{"name":"A great deal","size":0},{"name":"DK"},{"name":"NA"},{"name":"None at all"},{"name":"Not very much"},{"name":"Quite a lot"}]},{"name":"v121","title":"Confidence in banks","children":[{"name":"A great deal","size":0},{"name":"DK","size":0},{"name":"NA","size":0},{"name":"None at all","size":0},{"name":"Not very much","size":0},{"name":"Quite a lot","size":0}]},{"name":"v122","title":"Confidence in environmental organisations","children":[{"name":"A great deal","size":0},{"name":"DK"},{"name":"NA"},{"name":"None at all"},{"name":"Not very much"},{"name":"Quite a lot"}]},{"name":"v123","title":"Confidence in women's organisations","children":[{"name":"A great deal","size":0},{"name":"DK"},{"name":"NA"},{"name":"None at all"},{"name":"Not very much"},{"name":"Quite a lot"}]}],"name":"Algeria"},{"children":[{"name":"v108","title":"Confidence in churches","children":[{"name":"A great deal","size":0},{"name":"DK"},{"name":"NA"},{"name":"None at all"},{"name":"Not very much"},{"name":"Quite a lot"}]},{"name":"v110","title":"Confidence in the press","children":[{"name":"A great deal","size":0},{"name":"DK"},{"name":"NA"},{"name":"None at all"},{"name":"Not very much"},{"name":"Quite a lot"}]},{"name":"v113","title":"Confidence in the police","children":[{"name":"A great deal","size":0},{"name":"DK"},{"name":"NA"},{"name":"None at all"},{"name":"Not very much"},{"name":"Quite a lot"}]},{"name":"v114","title":"Confidence in the courts","children":[{"name":"A great deal","size":0},{"name":"DK"},{"name":"NA"},{"name":"None at all"},{"name":"Not very much"},{"name":"Quite a lot"}]},{"name":"v115","title":"Confidence in the government","children":[{"name":"A great deal","size":0},{"name":"DK"},{"name":"NA"},{"name":"None at all"},{"name":"Not very much"},{"name":"Quite a lot"}]},{"name":"v121","title":"Confidence in banks","children":[{"name":"A great deal","size":0},{"name":"DK","size":0},{"name":"NA","size":0},{"name":"None at all","size":0},{"name":"Not very much","size":0},{"name":"Quite a lot","size":0}]},{"name":"v122","title":"Confidence in environmental organisations","children":[{"name":"A great deal","size":0},{"name":"DK"},{"name":"NA"},{"name":"None at all"},{"name":"Not very much"},{"name":"Quite a lot"}]},{"name":"v123","title":"Confidence in women's organisations","children":[{"name":"A great deal","size":0},{"name":"DK"},{"name":"NA"},{"name":"None at all"},{"name":"Not very much"},{"name":"Quite a lot"}]}],"name":"Egypt"},{"children":[{"name":"v108","title":"Confidence in churches","children":[{"name":"A great deal","size":0},{"name":"DK"},{"name":"NA"},{"name":"None at all"},{"name":"Not very much"},{"name":"Quite a lot"}]},{"name":"v110","title":"Confidence in the press","children":[{"name":"A great deal","size":0},{"name":"DK"},{"name":"NA"},{"name":"None at all"},{"name":"Not very much"},{"name":"Quite a lot"}]},{"name":"v113","title":"Confidence in the police","children":[{"name":"A great deal","size":0},{"name":"DK"},{"name":"NA"},{"name":"None at all"},{"name":"Not very much"},{"name":"Quite a lot"}]},{"name":"v114","title":"Confidence in the courts","children":[{"name":"A great deal","size":0},{"name":"DK"},{"name":"NA"},{"name":"None at all"},{"name":"Not very much"},{"name":"Quite a lot"}]},{"name":"v115","title":"Confidence in the government","children":[{"name":"A great deal","size":0},{"name":"DK"},{"name":"NA"},{"name":"None at all"},{"name":"Not very much"},{"name":"Quite a lot"}]},{"name":"v121","title":"Confidence in banks","children":[{"name":"A great deal","size":0},{"name":"DK","size":0},{"name":"NA","size":0},{"name":"None at all","size":0},{"name":"Not very much","size":0},{"name":"Quite a lot","size":0}]},{"name":"v122","title":"Confidence in environmental organisations","children":[{"name":"A great deal","size":0},{"name":"DK"},{"name":"NA"},{"name":"None at all"},{"name":"Not very much"},{"name":"Quite a lot"}]},{"name":"v123","title":"Confidence in women's organisations","children":[{"name":"A great deal","size":0},{"name":"DK"},{"name":"NA"},{"name":"None at all"},{"name":"Not very much"},{"name":"Quite a lot"}]}],"name":"Ghana"},{"children":[{"name":"v108","title":"Confidence in churches","children":[{"name":"A great deal","size":0},{"name":"DK"},{"name":"NA"},{"name":"None at all"},{"name":"Not very much"},{"name":"Quite a lot"}]},{"name":"v110","title":"Confidence in the press","children":[{"name":"A great deal","size":0},{"name":"DK"},{"name":"NA"},{"name":"None at all"},{"name":"Not very much"},{"name":"Quite a lot"}]},{"name":"v113","title":"Confidence in the police","children":[{"name":"A great deal","size":0},{"name":"DK"},{"name":"NA"},{"name":"None at all"},{"name":"Not very much"},{"name":"Quite a lot"}]},{"name":"v114","title":"Confidence in the courts","children":[{"name":"A great deal","size":0},{"name":"DK"},{"name":"NA"},{"name":"None at all"},{"name":"Not very much"},{"name":"Quite a lot"}]},{"name":"v115","title":"Confidence in the government","children":[{"name":"A great deal","size":0},{"name":"DK"},{"name":"NA"},{"name":"None at all"},{"name":"Not very much"},{"name":"Quite a lot"}]},{"name":"v121","title":"Confidence in banks","children":[{"name":"A great deal","size":0},{"name":"DK","size":0},{"name":"NA","size":0},{"name":"None at all","size":0},{"name":"Not very much","size":0},{"name":"Quite a lot","size":0}]},{"name":"v122","title":"Confidence in environmental organisations","children":[{"name":"A great deal","size":0},{"name":"DK"},{"name":"NA"},{"name":"None at all"},{"name":"Not very much"},{"name":"Quite a lot"}]},{"name":"v123","title":"Confidence in women's organisations","children":[{"name":"A great deal","size":0},{"name":"DK"},{"name":"NA"},{"name":"None at all"},{"name":"Not very much"},{"name":"Quite a lot"}]}],"name":"Libya"},{"children":[{"name":"v108","title":"Confidence in churches","children":[{"name":"A great deal","size":0},{"name":"DK"},{"name":"NA"},{"name":"None at all"},{"name":"Not very much"},{"name":"Quite a lot"}]},{"name":"v110","title":"Confidence in the press","children":[{"name":"A great deal","size":0},{"name":"DK"},{"name":"NA"},{"name":"None at all"},{"name":"Not very much"},{"name":"Quite a lot"}]},{"name":"v113","title":"Confidence in the police","children":[{"name":"A great deal","size":0},{"name":"DK"},{"name":"NA"},{"name":"None at all"},{"name":"Not very much"},{"name":"Quite a lot"}]},{"name":"v114","title":"Confidence in the courts","children":[{"name":"A great deal","size":0},{"name":"DK"},{"name":"NA"},{"name":"None at all"},{"name":"Not very much"},{"name":"Quite a lot"}]},{"name":"v115","title":"Confidence in the government","children":[{"name":"A great deal","size":0},{"name":"DK"},{"name":"NA"},{"name":"None at all"},{"name":"Not very much"},{"name":"Quite a lot"}]},{"name":"v121","title":"Confidence in banks","children":[{"name":"A great deal","size":0},{"name":"DK","size":0},{"name":"NA","size":0},{"name":"None at all","size":0},{"name":"Not very much","size":0},{"name":"Quite a lot","size":0}]},{"name":"v122","title":"Confidence in environmental organisations","children":[{"name":"A great deal","size":0},{"name":"DK"},{"name":"NA"},{"name":"None at all"},{"name":"Not very much"},{"name":"Quite a lot"}]},{"name":"v123","title":"Confidence in women's organisations","children":[{"name":"A great deal","size":0},{"name":"DK"},{"name":"NA"},{"name":"None at all"},{"name":"Not very much"},{"name":"Quite a lot"}]}],"name":"Morocco"}],"name":"africa"},{"children":[{"children":[{"name":"v108","title":"Confidence in churches","children":[{"name":"A great deal","size":0},{"name":"DK","size":"0.9"},{"name":"NA","size":"0"},{"name":"None at all","size":"12.1"},{"name":"Not very much","size":"44.9"},{"name":"Quite a lot","size":"30.2"}]},{"name":"v110","title":"Confidence in the press","children":[{"name":"A great deal","size":0},{"name":"DK","size":"0.8"},{"name":"NA","size":"0"},{"name":"None at all","size":"22"},{"name":"Not very much","size":"60.6"},{"name":"Quite a lot","size":"14.9"}]},{"name":"v113","title":"Confidence in the police","children":[{"name":"A great deal","size":0},{"name":"DK","size":"0.5"},{"name":"NA","size":"0"},{"name":"None at all","size":"3.9"},{"name":"Not very much","size":"20.4"},{"name":"Quite a lot","size":"57.2"}]},{"name":"v114","title":"Confidence in the courts","children":[{"name":"A great deal","size":0},{"name":"DK","size":"1.8"},{"name":"NA","size":"0"},{"name":"None at all","size":"11.4"},{"name":"Not very much","size":"52.5"},{"name":"Quite a lot","size":"29.3"}]},{"name":"v115","title":"Confidence in the government","children":[{"name":"A great deal","size":0},{"name":"DK","size":"2.1"},{"name":"NA","size":"0"},{"name":"None at all","size":"19.5"},{"name":"Not very much","size":"52.6"},{"name":"Quite a lot","size":"23.6"}]},{"name":"v121","title":"Confidence in banks","children":[{"name":"A great deal","size":0},{"name":"DK","size":0},{"name":"NA","size":0},{"name":"None at all","size":0},{"name":"Not very much","size":0},{"name":"Quite a lot","size":0}]},{"name":"v122","title":"Confidence in environmental organisations","children":[{"name":"A great deal","size":0},{"name":"DK","size":"3.5"},{"name":"NA","size":"0"},{"name":"None at all","size":"10.2"},{"name":"Not very much","size":"32.1"},{"name":"Quite a lot","size":"45.3"}]},{"name":"v123","title":"Confidence in women's organisations","children":[{"name":"A great deal","size":0},{"name":"DK","size":"6.2"},{"name":"NA","size":"0"},{"name":"None at all","size":"12.5"},{"name":"Not very much","size":"40.6"},{"name":"Quite a lot","size":"34.5"}]}],"name":"Australia"}],"name":"oceania"},{"children":[{"children":[{"name":"v108","title":"Confidence in churches","children":[{"name":"A great deal","size":0},{"name":"DK"},{"name":"NA"},{"name":"None at all"},{"name":"Not very much"},{"name":"Quite a lot"}]},{"name":"v110","title":"Confidence in the press","children":[{"name":"A great deal","size":0},{"name":"DK"},{"name":"NA"},{"name":"None at all"},{"name":"Not very much"},{"name":"Quite a lot"}]},{"name":"v113","title":"Confidence in the police","children":[{"name":"A great deal","size":0},{"name":"DK"},{"name":"NA"},{"name":"None at all"},{"name":"Not very much"},{"name":"Quite a lot"}]},{"name":"v114","title":"Confidence in the courts","children":[{"name":"A great deal","size":0},{"name":"DK"},{"name":"NA"},{"name":"None at all"},{"name":"Not very much"},{"name":"Quite a lot"}]},{"name":"v115","title":"Confidence in the government","children":[{"name":"A great deal","size":0},{"name":"DK"},{"name":"NA"},{"name":"None at all"},{"name":"Not very much"},{"name":"Quite a lot"}]},{"name":"v121","title":"Confidence in banks","children":[{"name":"A great deal","size":0},{"name":"DK","size":0},{"name":"NA","size":0},{"name":"None at all","size":0},{"name":"Not very much","size":0},{"name":"Quite a lot","size":0}]},{"name":"v122","title":"Confidence in environmental organisations","children":[{"name":"A great deal","size":0},{"name":"DK"},{"name":"NA"},{"name":"None at all"},{"name":"Not very much"},{"name":"Quite a lot"}]},{"name":"v123","title":"Confidence in women's organisations","children":[{"name":"A great deal","size":0},{"name":"DK"},{"name":"NA"},{"name":"None at all"},{"name":"Not very much"},{"name":"Quite a lot"}]}],"name":"Bahrain"},{"children":[{"name":"v108","title":"Confidence in churches","children":[{"name":"A great deal","size":0},{"name":"DK","size":"0.3"},{"name":"NA","size":"0"},{"name":"None at all","size":"5.2"},{"name":"Not very much","size":"12.8"},{"name":"Quite a lot","size":"30.2"}]},{"name":"v110","title":"Confidence in the press","children":[{"name":"A great deal","size":0},{"name":"DK","size":"1.2"},{"name":"NA","size":"0"},{"name":"None at all","size":"16.8"},{"name":"Not very much","size":"37.1"},{"name":"Quite a lot","size":"35.9"}]},{"name":"v113","title":"Confidence in the police","children":[{"name":"A great deal","size":0},{"name":"DK","size":"1.3"},{"name":"NA","size":"0"},{"name":"None at all","size":"19.7"},{"name":"Not very much","size":"29.9"},{"name":"Quite a lot","size":"33.6"}]},{"name":"v114","title":"Confidence in the courts","children":[{"name":"A great deal","size":0},{"name":"DK","size":"2.1"},{"name":"NA","size":"0"},{"name":"None at all","size":"17.5"},{"name":"Not very much","size":"33.5"},{"name":"Quite a lot","size":"32.5"}]},{"name":"v115","title":"Confidence in the government","children":[{"name":"A great deal","size":0},{"name":"DK","size":"2.6"},{"name":"NA","size":"0"},{"name":"None at all","size":"27.5"},{"name":"Not very much","size":"34.4"},{"name":"Quite a lot","size":"26.1"}]},{"name":"v121","title":"Confidence in banks","children":[{"name":"A great deal","size":0},{"name":"DK","size":0},{"name":"NA","size":0},{"name":"None at all","size":0},{"name":"Not very much","size":0},{"name":"Quite a lot","size":0}]},{"name":"v122","title":"Confidence in environmental organisations","children":[{"name":"A great deal","size":0},{"name":"DK","size":"28.6"},{"name":"NA","size":"0"},{"name":"None at all","size":"4"},{"name":"Not very much","size":"18.2"},{"name":"Quite a lot","size":"41.3"}]},{"name":"v123","title":"Confidence in women's organisations","children":[{"name":"A great deal","size":0},{"name":"DK","size":"19.9"},{"name":"NA","size":"0"},{"name":"None at all","size":"4.4"},{"name":"Not very much","size":"17.1"},{"name":"Quite a lot","size":"47.7"}]}],"name":"China"},{"children":[{"name":"v108","title":"Confidence in churches","children":[{"name":"A great deal","size":0},{"name":"DK"},{"name":"NA"},{"name":"None at all"},{"name":"Not very much"},{"name":"Quite a lot"}]},{"name":"v110","title":"Confidence in the press","children":[{"name":"A great deal","size":0},{"name":"DK"},{"name":"NA"},{"name":"None at all"},{"name":"Not very much"},{"name":"Quite a lot"}]},{"name":"v113","title":"Confidence in the police","children":[{"name":"A great deal","size":0},{"name":"DK"},{"name":"NA"},{"name":"None at all"},{"name":"Not very much"},{"name":"Quite a lot"}]},{"name":"v114","title":"Confidence in the courts","children":[{"name":"A great deal","size":0},{"name":"DK"},{"name":"NA"},{"name":"None at all"},{"name":"Not very much"},{"name":"Quite a lot"}]},{"name":"v115","title":"Confidence in the government","children":[{"name":"A great deal","size":0},{"name":"DK"},{"name":"NA"},{"name":"None at all"},{"name":"Not very much"},{"name":"Quite a lot"}]},{"name":"v121","title":"Confidence in banks","children":[{"name":"A great deal","size":0},{"name":"DK","size":0},{"name":"NA","size":0},{"name":"None at all","size":0},{"name":"Not very much","size":0},{"name":"Quite a lot","size":0}]},{"name":"v122","title":"Confidence in environmental organisations","children":[{"name":"A great deal","size":0},{"name":"DK"},{"name":"NA"},{"name":"None at all"},{"name":"Not very much"},{"name":"Quite a lot"}]},{"name":"v123","title":"Confidence in women's organisations","children":[{"name":"A great deal","size":0},{"name":"DK"},{"name":"NA"},{"name":"None at all"},{"name":"Not very much"},{"name":"Quite a lot"}]}],"name":"Hong Kong"},{"children":[{"name":"v108","title":"Confidence in churches","children":[{"name":"A great deal","size":0},{"name":"DK"},{"name":"NA"},{"name":"None at all"},{"name":"Not very much"},{"name":"Quite a lot"}]},{"name":"v110","title":"Confidence in the press","children":[{"name":"A great deal","size":0},{"name":"DK"},{"name":"NA"},{"name":"None at all"},{"name":"Not very much"},{"name":"Quite a lot"}]},{"name":"v113","title":"Confidence in the police","children":[{"name":"A great deal","size":0},{"name":"DK"},{"name":"NA"},{"name":"None at all"},{"name":"Not very much"},{"name":"Quite a lot"}]},{"name":"v114","title":"Confidence in the courts","children":[{"name":"A great deal","size":0},{"name":"DK"},{"name":"NA"},{"name":"None at all"},{"name":"Not very much"},{"name":"Quite a lot"}]},{"name":"v115","title":"Confidence in the government","children":[{"name":"A great deal","size":0},{"name":"DK"},{"name":"NA"},{"name":"None at all"},{"name":"Not very much"},{"name":"Quite a lot"}]},{"name":"v121","title":"Confidence in banks","children":[{"name":"A great deal","size":0},{"name":"DK","size":0},{"name":"NA","size":0},{"name":"None at all","size":0},{"name":"Not very much","size":0},{"name":"Quite a lot","size":0}]},{"name":"v122","title":"Confidence in environmental organisations","children":[{"name":"A great deal","size":0},{"name":"DK"},{"name":"NA"},{"name":"None at all"},{"name":"Not very much"},{"name":"Quite a lot"}]},{"name":"v123","title":"Confidence in women's organisations","children":[{"name":"A great deal","size":0},{"name":"DK"},{"name":"NA"},{"name":"None at all"},{"name":"Not very much"},{"name":"Quite a lot"}]}],"name":"HongKong"},{"children":[{"name":"v108","title":"Confidence in churches","children":[{"name":"A great deal","size":0},{"name":"DK","size":"6.7"},{"name":"NA","size":"0"},{"name":"None at all","size":"42.4"},{"name":"Not very much","size":"38.3"},{"name":"Quite a lot","size":"10.4"}]},{"name":"v110","title":"Confidence in the press","children":[{"name":"A great deal","size":0},{"name":"DK","size":"2.8"},{"name":"NA","size":"0"},{"name":"None at all","size":"2.2"},{"name":"Not very much","size":"23.3"},{"name":"Quite a lot","size":"66.1"}]},{"name":"v113","title":"Confidence in the police","children":[{"name":"A great deal","size":0},{"name":"DK","size":"2.7"},{"name":"NA","size":"0"},{"name":"None at all","size":"2.6"},{"name":"Not very much","size":"18.4"},{"name":"Quite a lot","size":"62.4"}]},{"name":"v114","title":"Confidence in the courts","children":[{"name":"A great deal","size":0},{"name":"DK","size":"6.8"},{"name":"NA","size":"0"},{"name":"None at all","size":"1.6"},{"name":"Not very much","size":"17.5"},{"name":"Quite a lot","size":"58.7"}]},{"name":"v115","title":"Confidence in the government","children":[{"name":"A great deal","size":0},{"name":"DK","size":"6.8"},{"name":"NA","size":"0"},{"name":"None at all","size":"14"},{"name":"Not very much","size":"49.1"},{"name":"Quite a lot","size":"27.2"}]},{"name":"v121","title":"Confidence in banks","children":[{"name":"A great deal","size":0},{"name":"DK","size":0},{"name":"NA","size":0},{"name":"None at all","size":0},{"name":"Not very much","size":0},{"name":"Quite a lot","size":0}]},{"name":"v122","title":"Confidence in environmental organisations","children":[{"name":"A great deal","size":0},{"name":"DK","size":"34.5"},{"name":"NA","size":"0"},{"name":"None at all","size":"7"},{"name":"Not very much","size":"16.9"},{"name":"Quite a lot","size":"31.9"}]},{"name":"v123","title":"Confidence in women's organisations","children":[{"name":"A great deal","size":0},{"name":"DK","size":"32.8"},{"name":"NA","size":"0"},{"name":"None at all","size":"8.7"},{"name":"Not very much","size":"18.7"},{"name":"Quite a lot","size":"29.7"}]}],"name":"India"},{"children":[{"name":"v108","title":"Confidence in churches","children":[{"name":"A great deal","size":0},{"name":"DK"},{"name":"NA"},{"name":"None at all"},{"name":"Not very much"},{"name":"Quite a lot"}]},{"name":"v110","title":"Confidence in the press","children":[{"name":"A great deal","size":0},{"name":"DK"},{"name":"NA"},{"name":"None at all"},{"name":"Not very much"},{"name":"Quite a lot"}]},{"name":"v113","title":"Confidence in the police","children":[{"name":"A great deal","size":0},{"name":"DK"},{"name":"NA"},{"name":"None at all"},{"name":"Not very much"},{"name":"Quite a lot"}]},{"name":"v114","title":"Confidence in the courts","children":[{"name":"A great deal","size":0},{"name":"DK"},{"name":"NA"},{"name":"None at all"},{"name":"Not very much"},{"name":"Quite a lot"}]},{"name":"v115","title":"Confidence in the government","children":[{"name":"A great deal","size":0},{"name":"DK"},{"name":"NA"},{"name":"None at all"},{"name":"Not very much"},{"name":"Quite a lot"}]},{"name":"v121","title":"Confidence in banks","children":[{"name":"A great deal","size":0},{"name":"DK","size":0},{"name":"NA","size":0},{"name":"None at all","size":0},{"name":"Not very much","size":0},{"name":"Quite a lot","size":0}]},{"name":"v122","title":"Confidence in environmental organisations","children":[{"name":"A great deal","size":0},{"name":"DK"},{"name":"NA"},{"name":"None at all"},{"name":"Not very much"},{"name":"Quite a lot"}]},{"name":"v123","title":"Confidence in women's organisations","children":[{"name":"A great deal","size":0},{"name":"DK"},{"name":"NA"},{"name":"None at all"},{"name":"Not very much"},{"name":"Quite a lot"}]}],"name":"Iraq"},{"children":[{"name":"v108","title":"Confidence in churches","children":[{"name":"A great deal","size":0},{"name":"DK","size":"0.3"},{"name":"NA","size":"0"},{"name":"None at all","size":"6.3"},{"name":"Not very much","size":"18.7"},{"name":"Quite a lot","size":"34.1"}]},{"name":"v110","title":"Confidence in the press","children":[{"name":"A great deal","size":0},{"name":"DK","size":"0.6"},{"name":"NA","size":"0"},{"name":"None at all","size":"15.7"},{"name":"Not very much","size":"33.1"},{"name":"Quite a lot","size":"38.4"}]},{"name":"v113","title":"Confidence in the police","children":[{"name":"A great deal","size":0},{"name":"DK","size":"0.4"},{"name":"NA","size":"0"},{"name":"None at all","size":"34"},{"name":"Not very much","size":"32.5"},{"name":"Quite a lot","size":"26.8"}]},{"name":"v114","title":"Confidence in the courts","children":[{"name":"A great deal","size":0},{"name":"DK","size":"0.5"},{"name":"NA","size":"0"},{"name":"None at all","size":"25.4"},{"name":"Not very much","size":"32.9"},{"name":"Quite a lot","size":"30.5"}]},{"name":"v115","title":"Confidence in the government","children":[{"name":"A great deal","size":0},{"name":"DK","size":"0.7"},{"name":"NA","size":"0"},{"name":"None at all","size":"26.5"},{"name":"Not very much","size":"30.9"},{"name":"Quite a lot","size":"32.5"}]},{"name":"v121","title":"Confidence in banks","children":[{"name":"A great deal","size":0},{"name":"DK","size":0},{"name":"NA","size":0},{"name":"None at all","size":0},{"name":"Not very much","size":0},{"name":"Quite a lot","size":0}]},{"name":"v122","title":"Confidence in environmental organisations","children":[{"name":"A great deal","size":0},{"name":"DK","size":"12.6"},{"name":"NA","size":"0"},{"name":"None at all","size":"3.6"},{"name":"Not very much","size":"27.1"},{"name":"Quite a lot","size":"51.6"}]},{"name":"v123","title":"Confidence in women's organisations","children":[{"name":"A great deal","size":0},{"name":"DK","size":"17.6"},{"name":"NA","size":"0"},{"name":"None at all","size":"6"},{"name":"Not very much","size":"39.4"},{"name":"Quite a lot","size":"35.1"}]}],"name":"Japan"},{"children":[{"name":"v108","title":"Confidence in churches","children":[{"name":"A great deal","size":0},{"name":"DK"},{"name":"NA"},{"name":"None at all"},{"name":"Not very much"},{"name":"Quite a lot"}]},{"name":"v110","title":"Confidence in the press","children":[{"name":"A great deal","size":0},{"name":"DK"},{"name":"NA"},{"name":"None at all"},{"name":"Not very much"},{"name":"Quite a lot"}]},{"name":"v113","title":"Confidence in the police","children":[{"name":"A great deal","size":0},{"name":"DK"},{"name":"NA"},{"name":"None at all"},{"name":"Not very much"},{"name":"Quite a lot"}]},{"name":"v114","title":"Confidence in the courts","children":[{"name":"A great deal","size":0},{"name":"DK"},{"name":"NA"},{"name":"None at all"},{"name":"Not very much"},{"name":"Quite a lot"}]},{"name":"v115","title":"Confidence in the government","children":[{"name":"A great deal","size":0},{"name":"DK"},{"name":"NA"},{"name":"None at all"},{"name":"Not very much"},{"name":"Quite a lot"}]},{"name":"v121","title":"Confidence in banks","children":[{"name":"A great deal","size":0},{"name":"DK","size":0},{"name":"NA","size":0},{"name":"None at all","size":0},{"name":"Not very much","size":0},{"name":"Quite a lot","size":0}]},{"name":"v122","title":"Confidence in environmental organisations","children":[{"name":"A great deal","size":0},{"name":"DK"},{"name":"NA"},{"name":"None at all"},{"name":"Not very much"},{"name":"Quite a lot"}]},{"name":"v123","title":"Confidence in women's organisations","children":[{"name":"A great deal","size":0},{"name":"DK"},{"name":"NA"},{"name":"None at all"},{"name":"Not very much"},{"name":"Quite a lot"}]}],"name":"Jordan"},{"children":[{"name":"v108","title":"Confidence in churches","children":[{"name":"A great deal","size":0},{"name":"DK"},{"name":"NA"},{"name":"None at all"},{"name":"Not very much"},{"name":"Quite a lot"}]},{"name":"v110","title":"Confidence in the press","children":[{"name":"A great deal","size":0},{"name":"DK"},{"name":"NA"},{"name":"None at all"},{"name":"Not very much"},{"name":"Quite a lot"}]},{"name":"v113","title":"Confidence in the police","children":[{"name":"A great deal","size":0},{"name":"DK"},{"name":"NA"},{"name":"None at all"},{"name":"Not very much"},{"name":"Quite a lot"}]},{"name":"v114","title":"Confidence in the courts","children":[{"name":"A great deal","size":0},{"name":"DK"},{"name":"NA"},{"name":"None at all"},{"name":"Not very much"},{"name":"Quite a lot"}]},{"name":"v115","title":"Confidence in the government","children":[{"name":"A great deal","size":0},{"name":"DK"},{"name":"NA"},{"name":"None at all"},{"name":"Not very much"},{"name":"Quite a lot"}]},{"name":"v121","title":"Confidence in banks","children":[{"name":"A great deal","size":0},{"name":"DK","size":0},{"name":"NA","size":0},{"name":"None at all","size":0},{"name":"Not very much","size":0},{"name":"Quite a lot","size":0}]},{"name":"v122","title":"Confidence in environmental organisations","children":[{"name":"A great deal","size":0},{"name":"DK"},{"name":"NA"},{"name":"None at all"},{"name":"Not very much"},{"name":"Quite a lot"}]},{"name":"v123","title":"Confidence in women's organisations","children":[{"name":"A great deal","size":0},{"name":"DK"},{"name":"NA"},{"name":"None at all"},{"name":"Not very much"},{"name":"Quite a lot"}]}],"name":"Kazakhstan"},{"children":[{"name":"v108","title":"Confidence in churches","children":[{"name":"A great deal","size":0},{"name":"DK"},{"name":"NA"},{"name":"None at all"},{"name":"Not very much"},{"name":"Quite a lot"}]},{"name":"v110","title":"Confidence in the press","children":[{"name":"A great deal","size":0},{"name":"DK"},{"name":"NA"},{"name":"None at all"},{"name":"Not very much"},{"name":"Quite a lot"}]},{"name":"v113","title":"Confidence in the police","children":[{"name":"A great deal","size":0},{"name":"DK"},{"name":"NA"},{"name":"None at all"},{"name":"Not very much"},{"name":"Quite a lot"}]},{"name":"v114","title":"Confidence in the courts","children":[{"name":"A great deal","size":0},{"name":"DK"},{"name":"NA"},{"name":"None at all"},{"name":"Not very much"},{"name":"Quite a lot"}]},{"name":"v115","title":"Confidence in the government","children":[{"name":"A great deal","size":0},{"name":"DK"},{"name":"NA"},{"name":"None at all"},{"name":"Not very much"},{"name":"Quite a lot"}]},{"name":"v121","title":"Confidence in banks","children":[{"name":"A great deal","size":0},{"name":"DK","size":0},{"name":"NA","size":0},{"name":"None at all","size":0},{"name":"Not very much","size":0},{"name":"Quite a lot","size":0}]},{"name":"v122","title":"Confidence in environmental organisations","children":[{"name":"A great deal","size":0},{"name":"DK"},{"name":"NA"},{"name":"None at all"},{"name":"Not very much"},{"name":"Quite a lot"}]},{"name":"v123","title":"Confidence in women's organisations","children":[{"name":"A great deal","size":0},{"name":"DK"},{"name":"NA"},{"name":"None at all"},{"name":"Not very much"},{"name":"Quite a lot"}]}],"name":"Kuwait"},{"children":[{"name":"v108","title":"Confidence in churches","children":[{"name":"A great deal","size":0},{"name":"DK"},{"name":"NA"},{"name":"None at all"},{"name":"Not very much"},{"name":"Quite a lot"}]},{"name":"v110","title":"Confidence in the press","children":[{"name":"A great deal","size":0},{"name":"DK"},{"name":"NA"},{"name":"None at all"},{"name":"Not very much"},{"name":"Quite a lot"}]},{"name":"v113","title":"Confidence in the police","children":[{"name":"A great deal","size":0},{"name":"DK"},{"name":"NA"},{"name":"None at all"},{"name":"Not very much"},{"name":"Quite a lot"}]},{"name":"v114","title":"Confidence in the courts","children":[{"name":"A great deal","size":0},{"name":"DK"},{"name":"NA"},{"name":"None at all"},{"name":"Not very much"},{"name":"Quite a lot"}]},{"name":"v115","title":"Confidence in the government","children":[{"name":"A great deal","size":0},{"name":"DK"},{"name":"NA"},{"name":"None at all"},{"name":"Not very much"},{"name":"Quite a lot"}]},{"name":"v121","title":"Confidence in banks","children":[{"name":"A great deal","size":0},{"name":"DK","size":0},{"name":"NA","size":0},{"name":"None at all","size":0},{"name":"Not very much","size":0},{"name":"Quite a lot","size":0}]},{"name":"v122","title":"Confidence in environmental organisations","children":[{"name":"A great deal","size":0},{"name":"DK"},{"name":"NA"},{"name":"None at all"},{"name":"Not very much"},{"name":"Quite a lot"}]},{"name":"v123","title":"Confidence in women's organisations","children":[{"name":"A great deal","size":0},{"name":"DK"},{"name":"NA"},{"name":"None at all"},{"name":"Not very much"},{"name":"Quite a lot"}]}],"name":"Lebanon"},{"children":[{"name":"v108","title":"Confidence in churches","children":[{"name":"A great deal","size":0},{"name":"DK"},{"name":"NA"},{"name":"None at all"},{"name":"Not very much"},{"name":"Quite a lot"}]},{"name":"v110","title":"Confidence in the press","children":[{"name":"A great deal","size":0},{"name":"DK"},{"name":"NA"},{"name":"None at all"},{"name":"Not very much"},{"name":"Quite a lot"}]},{"name":"v113","title":"Confidence in the police","children":[{"name":"A great deal","size":0},{"name":"DK"},{"name":"NA"},{"name":"None at all"},{"name":"Not very much"},{"name":"Quite a lot"}]},{"name":"v114","title":"Confidence in the courts","children":[{"name":"A great deal","size":0},{"name":"DK"},{"name":"NA"},{"name":"None at all"},{"name":"Not very much"},{"name":"Quite a lot"}]},{"name":"v115","title":"Confidence in the government","children":[{"name":"A great deal","size":0},{"name":"DK"},{"name":"NA"},{"name":"None at all"},{"name":"Not very much"},{"name":"Quite a lot"}]},{"name":"v121","title":"Confidence in banks","children":[{"name":"A great deal","size":0},{"name":"DK","size":0},{"name":"NA","size":0},{"name":"None at all","size":0},{"name":"Not very much","size":0},{"name":"Quite a lot","size":0}]},{"name":"v122","title":"Confidence in environmental organisations","children":[{"name":"A great deal","size":0},{"name":"DK"},{"name":"NA"},{"name":"None at all"},{"name":"Not very much"},{"name":"Quite a lot"}]},{"name":"v123","title":"Confidence in women's organisations","children":[{"name":"A great deal","size":0},{"name":"DK"},{"name":"NA"},{"name":"None at all"},{"name":"Not very much"},{"name":"Quite a lot"}]}],"name":"Malaysia"}],"name":"asia"},{"children":[{"children":[{"name":"v108","title":"Confidence in churches","children":[{"name":"A great deal","size":0},{"name":"DK","size":"2.4"},{"name":"NA","size":"0"},{"name":"None at all","size":"8.4"},{"name":"Not very much","size":"40.9"},{"name":"Quite a lot","size":"42.2"}]},{"name":"v110","title":"Confidence in the press","children":[{"name":"A great deal","size":0},{"name":"DK","size":"0.8"},{"name":"NA","size":"0"},{"name":"None at all","size":"12.4"},{"name":"Not very much","size":"58.4"},{"name":"Quite a lot","size":"26.3"}]},{"name":"v113","title":"Confidence in the police","children":[{"name":"A great deal","size":0},{"name":"DK","size":"1.1"},{"name":"NA","size":"0"},{"name":"None at all","size":"1.7"},{"name":"Not very much","size":"17"},{"name":"Quite a lot","size":"65.4"}]},{"name":"v114","title":"Confidence in the courts","children":[{"name":"A great deal","size":0},{"name":"DK","size":"1.9"},{"name":"NA","size":"0"},{"name":"None at all","size":"4.4"},{"name":"Not very much","size":"32.4"},{"name":"Quite a lot","size":"54.4"}]},{"name":"v115","title":"Confidence in the government","children":[{"name":"A great deal","size":0},{"name":"DK","size":"2.3"},{"name":"NA","size":"0"},{"name":"None at all","size":"10.8"},{"name":"Not very much","size":"45.6"},{"name":"Quite a lot","size":"38.2"}]},{"name":"v121","title":"Confidence in banks","children":[{"name":"A great deal","size":0},{"name":"DK","size":0},{"name":"NA","size":0},{"name":"None at all","size":0},{"name":"Not very much","size":0},{"name":"Quite a lot","size":0}]},{"name":"v122","title":"Confidence in environmental organisations","children":[{"name":"A great deal","size":0},{"name":"DK","size":"1.1"},{"name":"NA","size":"0"},{"name":"None at all","size":"18.4"},{"name":"Not very much","size":"25.7"},{"name":"Quite a lot","size":"39"}]},{"name":"v123","title":"Confidence in women's organisations","children":[{"name":"A great deal","size":0},{"name":"DK","size":"1.3"},{"name":"NA","size":"0"},{"name":"None at all","size":"28"},{"name":"Not very much","size":"27.3"},{"name":"Quite a lot","size":"32.6"}]}],"name":"Mexico"}],"name":"north america"}]}
