{"name":"root","children":[{"children":[{"children":[{"name":"v108","title":"Confidence in churches","children":[{"name":"A great deal"},{"name":"Don't know","size":0},{"name":"No answer"},{"name":"None at all"},{"name":"Not very much"},{"name":"Quite a lot"}]},{"name":"v110","title":"Confidence in the press","children":[{"name":"A great deal"},{"name":"Don't know","size":0},{"name":"No answer"},{"name":"None at all"},{"name":"Not very much"},{"name":"Quite a lot"}]},{"name":"v113","title":"Confidence in the police","children":[{"name":"A great deal"},{"name":"Don't know","size":0},{"name":"No answer"},{"name":"None at all"},{"name":"Not very much"},{"name":"Quite a lot"}]},{"name":"v114","title":"Confidence in the courts","children":[{"name":"A great deal","size":0},{"name":"Don't know","size":0},{"name":"No answer","size":0},{"name":"None at all","size":0},{"name":"Not very much","size":0},{"name":"Quite a lot","size":0}]},{"name":"v115","title":"Confidence in the government","children":[{"name":"A great deal"},{"name":"Don't know","size":0},{"name":"No answer"},{"name":"None at all"},{"name":"Not very much"},{"name":"Quite a lot"}]},{"name":"v121","title":"Confidence in banks","children":[{"name":"A great deal","size":0},{"name":"Don't know","size":0},{"name":"No answer","size":0},{"name":"None at all","size":0},{"name":"Not very much","size":0},{"name":"Quite a lot","size":0}]},{"name":"v122","title":"Confidence in environmental organisations","children":[{"name":"A great deal"},{"name":"Don't know","size":0},{"name":"No answer"},{"name":"None at all"},{"name":"Not very much"},{"name":"Quite a lot"}]},{"name":"v123","title":"Confidence in women's organisations","children":[{"name":"A great deal"},{"name":"Don't know","size":0},{"name":"No answer"},{"name":"None at all"},{"name":"Not very much"},{"name":"Quite a lot"}]}],"name":"Armenia"},{"children":[{"name":"v108","title":"Confidence in churches","children":[{"name":"A great deal"},{"name":"Don't know","size":0},{"name":"No answer"},{"name":"None at all"},{"name":"Not very much"},{"name":"Quite a lot"}]},{"name":"v110","title":"Confidence in the press","children":[{"name":"A great deal"},{"name":"Don't know","size":0},{"name":"No answer"},{"name":"None at all"},{"name":"Not very much"},{"name":"Quite a lot"}]},{"name":"v113","title":"Confidence in the police","children":[{"name":"A great deal"},{"name":"Don't know","size":0},{"name":"No answer"},{"name":"None at all"},{"name":"Not very much"},{"name":"Quite a lot"}]},{"name":"v114","title":"Confidence in the courts","children":[{"name":"A great deal","size":0},{"name":"Don't know","size":0},{"name":"No answer","size":0},{"name":"None at all","size":0},{"name":"Not very much","size":0},{"name":"Quite a lot","size":0}]},{"name":"v115","title":"Confidence in the government","children":[{"name":"A great deal"},{"name":"Don't know","size":0},{"name":"No answer"},{"name":"None at all"},{"name":"Not very much"},{"name":"Quite a lot"}]},{"name":"v121","title":"Confidence in banks","children":[{"name":"A great deal","size":0},{"name":"Don't know","size":0},{"name":"No answer","size":0},{"name":"None at all","size":0},{"name":"Not very much","size":0},{"name":"Quite a lot","size":0}]},{"name":"v122","title":"Confidence in environmental organisations","children":[{"name":"A great deal"},{"name":"Don't know","size":0},{"name":"No answer"},{"name":"None at all"},{"name":"Not very much"},{"name":"Quite a lot"}]},{"name":"v123","title":"Confidence in women's organisations","children":[{"name":"A great deal"},{"name":"Don't know","size":0},{"name":"No answer"},{"name":"None at all"},{"name":"Not very much"},{"name":"Quite a lot"}]}],"name":"Azerbaijan"},{"children":[{"name":"v108","title":"Confidence in churches","children":[{"name":"A great deal"},{"name":"Don't know","size":0},{"name":"No answer"},{"name":"None at all"},{"name":"Not very much"},{"name":"Quite a lot"}]},{"name":"v110","title":"Confidence in the press","children":[{"name":"A great deal"},{"name":"Don't know","size":0},{"name":"No answer"},{"name":"None at all"},{"name":"Not very much"},{"name":"Quite a lot"}]},{"name":"v113","title":"Confidence in the police","children":[{"name":"A great deal"},{"name":"Don't know","size":0},{"name":"No answer"},{"name":"None at all"},{"name":"Not very much"},{"name":"Quite a lot"}]},{"name":"v114","title":"Confidence in the courts","children":[{"name":"A great deal","size":0},{"name":"Don't know","size":0},{"name":"No answer","size":0},{"name":"None at all","size":0},{"name":"Not very much","size":0},{"name":"Quite a lot","size":0}]},{"name":"v115","title":"Confidence in the government","children":[{"name":"A great deal"},{"name":"Don't know","size":0},{"name":"No answer"},{"name":"None at all"},{"name":"Not very much"},{"name":"Quite a lot"}]},{"name":"v121","title":"Confidence in banks","children":[{"name":"A great deal","size":0},{"name":"Don't know","size":0},{"name":"No answer","size":0},{"name":"None at all","size":0},{"name":"Not very much","size":0},{"name":"Quite a lot","size":0}]},{"name":"v122","title":"Confidence in environmental organisations","children":[{"name":"A great deal"},{"name":"Don't know","size":0},{"name":"No answer"},{"name":"None at all"},{"name":"Not very much"},{"name":"Quite a lot"}]},{"name":"v123","title":"Confidence in women's organisations","children":[{"name":"A great deal"},{"name":"Don't know","size":0},{"name":"No answer"},{"name":"None at all"},{"name":"Not very much"},{"name":"Quite a lot"}]}],"name":"Belarus"},{"children":[{"name":"v108","title":"Confidence in churches","children":[{"name":"A great deal"},{"name":"Don't know","size":0},{"name":"No answer"},{"name":"None at all"},{"name":"Not very much"},{"name":"Quite a lot"}]},{"name":"v110","title":"Confidence in the press","children":[{"name":"A great deal"},{"name":"Don't know","size":0},{"name":"No answer"},{"name":"None at all"},{"name":"Not very much"},{"name":"Quite a lot"}]},{"name":"v113","title":"Confidence in the police","children":[{"name":"A great deal"},{"name":"Don't know","size":0},{"name":"No answer"},{"name":"None at all"},{"name":"Not very much"},{"name":"Quite a lot"}]},{"name":"v114","title":"Confidence in the courts","children":[{"name":"A great deal","size":0},{"name":"Don't know","size":0},{"name":"No answer","size":0},{"name":"None at all","size":0},{"name":"Not very much","size":0},{"name":"Quite a lot","size":0}]},{"name":"v115","title":"Confidence in the government","children":[{"name":"A great deal"},{"name":"Don't know","size":0},{"name":"No answer"},{"name":"None at all"},{"name":"Not very much"},{"name":"Quite a lot"}]},{"name":"v121","title":"Confidence in banks","children":[{"name":"A great deal","size":0},{"name":"Don't know","size":0},{"name":"No answer","size":0},{"name":"None at all","size":0},{"name":"Not very much","size":0},{"name":"Quite a lot","size":0}]},{"name":"v122","title":"Confidence in environmental organisations","children":[{"name":"A great deal"},{"name":"Don't know","size":0},{"name":"No answer"},{"name":"None at all"},{"name":"Not very much"},{"name":"Quite a lot"}]},{"name":"v123","title":"Confidence in women's organisations","children":[{"name":"A great deal"},{"name":"Don't know","size":0},{"name":"No answer"},{"name":"None at all"},{"name":"Not very much"},{"name":"Quite a lot"}]}],"name":"Cyprus"},{"children":[{"name":"v108","title":"Confidence in churches","children":[{"name":"A great deal"},{"name":"Don't know","size":0},{"name":"No answer"},{"name":"None at all"},{"name":"Not very much"},{"name":"Quite a lot"}]},{"name":"v110","title":"Confidence in the press","children":[{"name":"A great deal"},{"name":"Don't know","size":0},{"name":"No answer"},{"name":"None at all"},{"name":"Not very much"},{"name":"Quite a lot"}]},{"name":"v113","title":"Confidence in the police","children":[{"name":"A great deal"},{"name":"Don't know","size":0},{"name":"No answer"},{"name":"None at all"},{"name":"Not very much"},{"name":"Quite a lot"}]},{"name":"v114","title":"Confidence in the courts","children":[{"name":"A great deal","size":0},{"name":"Don't know","size":0},{"name":"No answer","size":0},{"name":"None at all","size":0},{"name":"Not very much","size":0},{"name":"Quite a lot","size":0}]},{"name":"v115","title":"Confidence in the government","children":[{"name":"A great deal"},{"name":"Don't know","size":0},{"name":"No answer"},{"name":"None at all"},{"name":"Not very much"},{"name":"Quite a lot"}]},{"name":"v121","title":"Confidence in banks","children":[{"name":"A great deal","size":0},{"name":"Don't know","size":0},{"name":"No answer","size":0},{"name":"None at all","size":0},{"name":"Not very much","size":0},{"name":"Quite a lot","size":0}]},{"name":"v122","title":"Confidence in environmental organisations","children":[{"name":"A great deal"},{"name":"Don't know","size":0},{"name":"No answer"},{"name":"None at all"},{"name":"Not very much"},{"name":"Quite a lot"}]},{"name":"v123","title":"Confidence in women's organisations","children":[{"name":"A great deal"},{"name":"Don't know","size":0},{"name":"No answer"},{"name":"None at all"},{"name":"Not very much"},{"name":"Quite a lot"}]}],"name":"Estonia"},{"children":[{"name":"v108","title":"Confidence in churches","children":[{"name":"A great deal"},{"name":"Don't know","size":0},{"name":"No answer"},{"name":"None at all"},{"name":"Not very much"},{"name":"Quite a lot"}]},{"name":"v110","title":"Confidence in the press","children":[{"name":"A great deal"},{"name":"Don't know","size":0},{"name":"No answer"},{"name":"None at all"},{"name":"Not very much"},{"name":"Quite a lot"}]},{"name":"v113","title":"Confidence in the police","children":[{"name":"A great deal"},{"name":"Don't know","size":0},{"name":"No answer"},{"name":"None at all"},{"name":"Not very much"},{"name":"Quite a lot"}]},{"name":"v114","title":"Confidence in the courts","children":[{"name":"A great deal","size":0},{"name":"Don't know","size":0},{"name":"No answer","size":0},{"name":"None at all","size":0},{"name":"Not very much","size":0},{"name":"Quite a lot","size":0}]},{"name":"v115","title":"Confidence in the government","children":[{"name":"A great deal"},{"name":"Don't know","size":0},{"name":"No answer"},{"name":"None at all"},{"name":"Not very much"},{"name":"Quite a lot"}]},{"name":"v121","title":"Confidence in banks","children":[{"name":"A great deal","size":0},{"name":"Don't know","size":0},{"name":"No answer","size":0},{"name":"None at all","size":0},{"name":"Not very much","size":0},{"name":"Quite a lot","size":0}]},{"name":"v122","title":"Confidence in environmental organisations","children":[{"name":"A great deal"},{"name":"Don't know","size":0},{"name":"No answer"},{"name":"None at all"},{"name":"Not very much"},{"name":"Quite a lot"}]},{"name":"v123","title":"Confidence in women's organisations","children":[{"name":"A great deal"},{"name":"Don't know","size":0},{"name":"No answer"},{"name":"None at all"},{"name":"Not very much"},{"name":"Quite a lot"}]}],"name":"Georgia"},{"children":[{"name":"v108","title":"Confidence in churches","children":[{"name":"A great deal"},{"name":"Don't know","size":0},{"name":"No answer"},{"name":"None at all"},{"name":"Not very much"},{"name":"Quite a lot"}]},{"name":"v110","title":"Confidence in the press","children":[{"name":"A great deal"},{"name":"Don't know","size":0},{"name":"No answer"},{"name":"None at all"},{"name":"Not very much"},{"name":"Quite a lot"}]},{"name":"v113","title":"Confidence in the police","children":[{"name":"A great deal"},{"name":"Don't know","size":0},{"name":"No answer"},{"name":"None at all"},{"name":"Not very much"},{"name":"Quite a lot"}]},{"name":"v114","title":"Confidence in the courts","children":[{"name":"A great deal","size":0},{"name":"Don't know","size":0},{"name":"No answer","size":0},{"name":"None at all","size":0},{"name":"Not very much","size":0},{"name":"Quite a lot","size":0}]},{"name":"v115","title":"Confidence in the government","children":[{"name":"A great deal"},{"name":"Don't know","size":0},{"name":"No answer"},{"name":"None at all"},{"name":"Not very much"},{"name":"Quite a lot"}]},{"name":"v121","title":"Confidence in banks","children":[{"name":"A great deal","size":0},{"name":"Don't know","size":0},{"name":"No answer","size":0},{"name":"None at all","size":0},{"name":"Not very much","size":0},{"name":"Quite a lot","size":0}]},{"name":"v122","title":"Confidence in environmental organisations","children":[{"name":"A great deal"},{"name":"Don't know","size":0},{"name":"No answer"},{"name":"None at all"},{"name":"Not very much"},{"name":"Quite a lot"}]},{"name":"v123","title":"Confidence in women's organisations","children":[{"name":"A great deal"},{"name":"Don't know","size":0},{"name":"No answer"},{"name":"None at all"},{"name":"Not very much"},{"name":"Quite a lot"}]}],"name":"Germany"},{"children":[{"name":"v108","title":"Confidence in churches","children":[{"name":"A great deal"},{"name":"Don't know","size":0},{"name":"No answer"},{"name":"None at all"},{"name":"Not very much"},{"name":"Quite a lot"}]},{"name":"v110","title":"Confidence in the press","children":[{"name":"A great deal"},{"name":"Don't know","size":0},{"name":"No answer"},{"name":"None at all"},{"name":"Not very much"},{"name":"Quite a lot"}]},{"name":"v113","title":"Confidence in the police","children":[{"name":"A great deal"},{"name":"Don't know","size":0},{"name":"No answer"},{"name":"None at all"},{"name":"Not very much"},{"name":"Quite a lot"}]},{"name":"v114","title":"Confidence in the courts","children":[{"name":"A great deal","size":0},{"name":"Don't know","size":0},{"name":"No answer","size":0},{"name":"None at all","size":0},{"name":"Not very much","size":0},{"name":"Quite a lot","size":0}]},{"name":"v115","title":"Confidence in the government","children":[{"name":"A great deal"},{"name":"Don't know","size":0},{"name":"No answer"},{"name":"None at all"},{"name":"Not very much"},{"name":"Quite a lot"}]},{"name":"v121","title":"Confidence in banks","children":[{"name":"A great deal","size":0},{"name":"Don't know","size":0},{"name":"No answer","size":0},{"name":"None at all","size":0},{"name":"Not very much","size":0},{"name":"Quite a lot","size":0}]},{"name":"v122","title":"Confidence in environmental organisations","children":[{"name":"A great deal"},{"name":"Don't know","size":0},{"name":"No answer"},{"name":"None at all"},{"name":"Not very much"},{"name":"Quite a lot"}]},{"name":"v123","title":"Confidence in women's organisations","children":[{"name":"A great deal"},{"name":"Don't know","size":0},{"name":"No answer"},{"name":"None at all"},{"name":"Not very much"},{"name":"Quite a lot"}]}],"name":"Netherlands"},{"children":[{"name":"v108","title":"Confidence in churches","children":[{"name":"A great deal","size":7.3},{"name":"Don't know","size":0},{"name":"No answer","size":0},{"name":"None at all","size":10.8},{"name":"Not very much","size":42.5},{"name":"Quite a lot","size":37}]},{"name":"v110","title":"Confidence in the press","children":[{"name":"A great deal","size":4.1},{"name":"Don't know","size":0},{"name":"No answer","size":0},{"name":"None at all","size":5.8},{"name":"Not very much","size":47.7},{"name":"Quite a lot","size":41.3}]},{"name":"v113","title":"Confidence in the police","children":[{"name":"A great deal","size":13.2},{"name":"Don't know","size":0},{"name":"No answer","size":0},{"name":"None at all","size":2.4},{"name":"Not very much","size":21.9},{"name":"Quite a lot","size":62.1}]},{"name":"v114","title":"Confidence in the courts","children":[{"name":"A great deal","size":0},{"name":"Don't know","size":0},{"name":"No answer","size":0},{"name":"None at all","size":0},{"name":"Not very much","size":0},{"name":"Quite a lot","size":0}]},{"name":"v115","title":"Confidence in the government","children":[{"name":"A great deal","size":29.2},{"name":"Don't know","size":0},{"name":"No answer","size":0},{"name":"None at all","size":17.6},{"name":"Not very much","size":17.9},{"name":"Quite a lot","size":25.7}]},{"name":"v121","title":"Confidence in banks","children":[{"name":"A great deal","size":0},{"name":"Don't know","size":0},{"name":"No answer","size":0},{"name":"None at all","size":0},{"name":"Not very much","size":0},{"name":"Quite a lot","size":0}]},{"name":"v122","title":"Confidence in environmental organisations","children":[{"name":"A great deal","size":0},{"name":"Don't know","size":0},{"name":"No answer","size":0},{"name":"None at all","size":0},{"name":"Not very much","size":0},{"name":"Quite a lot","size":0}]},{"name":"v123","title":"Confidence in women's organisations","children":[{"name":"A great deal","size":28.3},{"name":"Don't know","size":0},{"name":"No answer","size":0},{"name":"None at all","size":9.7},{"name":"Not very much","size":13.6},{"name":"Quite a lot","size":37.5}]}],"name":"Sweden"}],"name":"europe"},{"children":[{"children":[{"name":"v108","title":"Confidence in churches","children":[{"name":"A great deal","size":"35.6"},{"name":"Don't know","size":0},{"name":"No answer","size":"0"},{"name":"None at all","size":"12.9"},{"name":"Not very much","size":"26.8"},{"name":"Quite a lot","size":"23.6"}]},{"name":"v110","title":"Confidence in the press","children":[{"name":"A great deal","size":"10.8"},{"name":"Don't know","size":0},{"name":"No answer","size":"0"},{"name":"None at all","size":"15.6"},{"name":"Not very much","size":"44.5"},{"name":"Quite a lot","size":"26.5"}]},{"name":"v113","title":"Confidence in the police","children":[{"name":"A great deal","size":"5.6"},{"name":"Don't know","size":0},{"name":"No answer","size":"0"},{"name":"None at all","size":"32.8"},{"name":"Not very much","size":"41.5"},{"name":"Quite a lot","size":"18.2"}]},{"name":"v114","title":"Confidence in the courts","children":[{"name":"A great deal","size":0},{"name":"Don't know","size":0},{"name":"No answer","size":0},{"name":"None at all","size":0},{"name":"Not very much","size":0},{"name":"Quite a lot","size":0}]},{"name":"v115","title":"Confidence in the government","children":[{"name":"A great deal","size":"4.7"},{"name":"Don't know","size":0},{"name":"No answer","size":"0"},{"name":"None at all","size":"36.7"},{"name":"Not very much","size":"41.6"},{"name":"Quite a lot","size":"14.1"}]},{"name":"v121","title":"Confidence in banks","children":[{"name":"A great deal","size":0},{"name":"Don't know","size":0},{"name":"No answer","size":0},{"name":"None at all","size":0},{"name":"Not very much","size":0},{"name":"Quite a lot","size":0}]},{"name":"v122","title":"Confidence in environmental organisations","children":[{"name":"A great deal","size":"21"},{"name":"Don't know","size":0},{"name":"No answer","size":"0"},{"name":"None at all","size":"9.3"},{"name":"Not very much","size":"23.3"},{"name":"Quite a lot","size":"40.4"}]},{"name":"v123","title":"Confidence in women's organisations","children":[{"name":"A great deal","size":"6.8"},{"name":"Don't know","size":0},{"name":"No answer","size":"0"},{"name":"None at all","size":"22.7"},{"name":"Not very much","size":"26.4"},{"name":"Quite a lot","size":"20.7"}]}],"name":"Argentina"},{"children":[{"name":"v108","title":"Confidence in churches","children":[{"name":"A great deal"},{"name":"Don't know","size":0},{"name":"No answer"},{"name":"None at all"},{"name":"Not very much"},{"name":"Quite a lot"}]},{"name":"v110","title":"Confidence in the press","children":[{"name":"A great deal"},{"name":"Don't know","size":0},{"name":"No answer"},{"name":"None at all"},{"name":"Not very much"},{"name":"Quite a lot"}]},{"name":"v113","title":"Confidence in the police","children":[{"name":"A great deal"},{"name":"Don't know","size":0},{"name":"No answer"},{"name":"None at all"},{"name":"Not very much"},{"name":"Quite a lot"}]},{"name":"v114","title":"Confidence in the courts","children":[{"name":"A great deal","size":0},{"name":"Don't know","size":0},{"name":"No answer","size":0},{"name":"None at all","size":0},{"name":"Not very much","size":0},{"name":"Quite a lot","size":0}]},{"name":"v115","title":"Confidence in the government","children":[{"name":"A great deal"},{"name":"Don't know","size":0},{"name":"No answer"},{"name":"None at all"},{"name":"Not very much"},{"name":"Quite a lot"}]},{"name":"v121","title":"Confidence in banks","children":[{"name":"A great deal","size":0},{"name":"Don't know","size":0},{"name":"No answer","size":0},{"name":"None at all","size":0},{"name":"Not very much","size":0},{"name":"Quite a lot","size":0}]},{"name":"v122","title":"Confidence in environmental organisations","children":[{"name":"A great deal"},{"name":"Don't know","size":0},{"name":"No answer"},{"name":"None at all"},{"name":"Not very much"},{"name":"Quite a lot"}]},{"name":"v123","title":"Confidence in women's organisations","children":[{"name":"A great deal"},{"name":"Don't know","size":0},{"name":"No answer"},{"name":"None at all"},{"name":"Not very much"},{"name":"Quite a lot"}]}],"name":"Brazil"},{"children":[{"name":"v108","title":"Confidence in churches","children":[{"name":"A great deal"},{"name":"Don't know","size":0},{"name":"No answer"},{"name":"None at all"},{"name":"Not very much"},{"name":"Quite a lot"}]},{"name":"v110","title":"Confidence in the press","children":[{"name":"A great deal"},{"name":"Don't know","size":0},{"name":"No answer"},{"name":"None at all"},{"name":"Not very much"},{"name":"Quite a lot"}]},{"name":"v113","title":"Confidence in the police","children":[{"name":"A great deal"},{"name":"Don't know","size":0},{"name":"No answer"},{"name":"None at all"},{"name":"Not very much"},{"name":"Quite a lot"}]},{"name":"v114","title":"Confidence in the courts","children":[{"name":"A great deal","size":0},{"name":"Don't know","size":0},{"name":"No answer","size":0},{"name":"None at all","size":0},{"name":"Not very much","size":0},{"name":"Quite a lot","size":0}]},{"name":"v115","title":"Confidence in the government","children":[{"name":"A great deal"},{"name":"Don't know","size":0},{"name":"No answer"},{"name":"None at all"},{"name":"Not very much"},{"name":"Quite a lot"}]},{"name":"v121","title":"Confidence in banks","children":[{"name":"A great deal","size":0},{"name":"Don't know","size":0},{"name":"No answer","size":0},{"name":"None at all","size":0},{"name":"Not very much","size":0},{"name":"Quite a lot","size":0}]},{"name":"v122","title":"Confidence in environmental organisations","children":[{"name":"A great deal"},{"name":"Don't know","size":0},{"name":"No answer"},{"name":"None at all"},{"name":"Not very much"},{"name":"Quite a lot"}]},{"name":"v123","title":"Confidence in women's organisations","children":[{"name":"A great deal"},{"name":"Don't know","size":0},{"name":"No answer"},{"name":"None at all"},{"name":"Not very much"},{"name":"Quite a lot"}]}],"name":"Colombia"},{"children":[{"name":"v108","title":"Confidence in churches","children":[{"name":"A great deal","size":"45.7"},{"name":"Don't know","size":0},{"name":"No answer","size":"0"},{"name":"None at all","size":"4.8"},{"name":"Not very much","size":"17"},{"name":"Quite a lot","size":"32.1"}]},{"name":"v110","title":"Confidence in the press","children":[{"name":"A great deal","size":"6.9"},{"name":"Don't know","size":0},{"name":"No answer","size":"0"},{"name":"None at all","size":"13.2"},{"name":"Not very much","size":"38.5"},{"name":"Quite a lot","size":"40.5"}]},{"name":"v113","title":"Confidence in the police","children":[{"name":"A great deal","size":"14.5"},{"name":"Don't know","size":0},{"name":"No answer","size":"0"},{"name":"None at all","size":"11.5"},{"name":"Not very much","size":"32.9"},{"name":"Quite a lot","size":"40.2"}]},{"name":"v114","title":"Confidence in the courts","children":[{"name":"A great deal","size":0},{"name":"Don't know","size":0},{"name":"No answer","size":0},{"name":"None at all","size":0},{"name":"Not very much","size":0},{"name":"Quite a lot","size":0}]},{"name":"v115","title":"Confidence in the government","children":[{"name":"A great deal","size":"14.8"},{"name":"Don't know","size":0},{"name":"No answer","size":"0"},{"name":"None at all","size":"13.4"},{"name":"Not very much","size":"28.5"},{"name":"Quite a lot","size":"42.1"}]},{"name":"v121","title":"Confidence in banks","children":[{"name":"A great deal","size":0},{"name":"Don't know","size":0},{"name":"No answer","size":0},{"name":"None at all","size":0},{"name":"Not very much","size":0},{"name":"Quite a lot","size":0}]},{"name":"v122","title":"Confidence in environmental organisations","children":[{"name":"A great deal","size":"9.3"},{"name":"Don't know","size":0},{"name":"No answer","size":"17"},{"name":"None at all","size":"0.7"},{"name":"Not very much","size":"9.4"},{"name":"Quite a lot","size":"63.6"}]},{"name":"v123","title":"Confidence in women's organisations","children":[{"name":"A great deal","size":"11.3"},{"name":"Don't know","size":0},{"name":"No answer","size":"0"},{"name":"None at all","size":"16.6"},{"name":"Not very much","size":"31.2"},{"name":"Quite a lot","size":"31.1"}]}],"name":"Chile"},{"children":[{"name":"v108","title":"Confidence in churches","children":[{"name":"A great deal"},{"name":"Don't know","size":0},{"name":"No answer"},{"name":"None at all"},{"name":"Not very much"},{"name":"Quite a lot"}]},{"name":"v110","title":"Confidence in the press","children":[{"name":"A great deal"},{"name":"Don't know","size":0},{"name":"No answer"},{"name":"None at all"},{"name":"Not very much"},{"name":"Quite a lot"}]},{"name":"v113","title":"Confidence in the police","children":[{"name":"A great deal"},{"name":"Don't know","size":0},{"name":"No answer"},{"name":"None at all"},{"name":"Not very much"},{"name":"Quite a lot"}]},{"name":"v114","title":"Confidence in the courts","children":[{"name":"A great deal","size":0},{"name":"Don't know","size":0},{"name":"No answer","size":0},{"name":"None at all","size":0},{"name":"Not very much","size":0},{"name":"Quite a lot","size":0}]},{"name":"v115","title":"Confidence in the government","children":[{"name":"A great deal"},{"name":"Don't know","size":0},{"name":"No answer"},{"name":"None at all"},{"name":"Not very much"},{"name":"Quite a lot"}]},{"name":"v121","title":"Confidence in banks","children":[{"name":"A great deal","size":0},{"name":"Don't know","size":0},{"name":"No answer","size":0},{"name":"None at all","size":0},{"name":"Not very much","size":0},{"name":"Quite a lot","size":0}]},{"name":"v122","title":"Confidence in environmental organisations","children":[{"name":"A great deal"},{"name":"Don't know","size":0},{"name":"No answer"},{"name":"None at all"},{"name":"Not very much"},{"name":"Quite a lot"}]},{"name":"v123","title":"Confidence in women's organisations","children":[{"name":"A great deal"},{"name":"Don't know","size":0},{"name":"No answer"},{"name":"None at all"},{"name":"Not very much"},{"name":"Quite a lot"}]}],"name":"Ecuador"}],"name":"south america"},{"children":[{"children":[{"name":"v108","title":"Confidence in churches","children":[{"name":"A great deal","size":"61"},{"name":"Don't know","size":0},{"name":"No answer","size":"0"},{"name":"None at all","size":"3.8"},{"name":"Not very much","size":"6.8"},{"name":"Quite a lot","size":"25"}]},{"name":"v110","title":"Confidence in the press","children":[{"name":"A great deal","size":"9.6"},{"name":"Don't know","size":0},{"name":"No answer","size":"0"},{"name":"None at all","size":"15.7"},{"name":"Not very much","size":"34.2"},{"name":"Quite a lot","size":"36.3"}]},{"name":"v113","title":"Confidence in the police","children":[{"name":"A great deal","size":"25.4"},{"name":"Don't know","size":0},{"name":"No answer","size":"0"},{"name":"None at all","size":"13.3"},{"name":"Not very much","size":"18.3"},{"name":"Quite a lot","size":"37.6"}]},{"name":"v114","title":"Confidence in the courts","children":[{"name":"A great deal","size":0},{"name":"Don't know","size":0},{"name":"No answer","size":0},{"name":"None at all","size":0},{"name":"Not very much","size":0},{"name":"Quite a lot","size":0}]},{"name":"v115","title":"Confidence in the government","children":[{"name":"A great deal","size":"17.2"},{"name":"Don't know","size":0},{"name":"No answer","size":"0"},{"name":"None at all","size":"23.2"},{"name":"Not very much","size":"20.3"},{"name":"Quite a lot","size":"33.7"}]},{"name":"v121","title":"Confidence in banks","children":[{"name":"A great deal","size":0},{"name":"Don't know","size":0},{"name":"No answer","size":0},{"name":"None at all","size":0},{"name":"Not very much","size":0},{"name":"Quite a lot","size":0}]},{"name":"v122","title":"Confidence in environmental organisations","children":[{"name":"A great deal","size":"15.5"},{"name":"Don't know","size":0},{"name":"No answer","size":"0"},{"name":"None at all","size":"9.7"},{"name":"Not very much","size":"18.7"},{"name":"Quite a lot","size":"42.2"}]},{"name":"v123","title":"Confidence in women's organisations","children":[{"name":"A great deal","size":"7"},{"name":"Don't know","size":0},{"name":"No answer","size":"0"},{"name":"None at all","size":"37.7"},{"name":"Not very much","size":"21.4"},{"name":"Quite a lot","size":"17.7"}]}],"name":"Algeria"},{"children":[{"name":"v108","title":"Confidence in churches","children":[{"name":"A great deal","size":50.8},{"name":"Don't know","size":0},{"name":"No answer","size":0},{"name":"None at all","size":3.1},{"name":"Not very much","size":12.9},{"name":"Quite a lot","size":32.9}]},{"name":"v110","title":"Confidence in the press","children":[{"name":"A great deal","size":20.9},{"name":"Don't know","size":0},{"name":"No answer","size":0},{"name":"None at all","size":6.8},{"name":"Not very much","size":21.5},{"name":"Quite a lot","size":43.2}]},{"name":"v113","title":"Confidence in the police","children":[{"name":"A great deal","size":50.3},{"name":"Don't know","size":0},{"name":"No answer","size":0},{"name":"None at all","size":5.1},{"name":"Not very much","size":7.5},{"name":"Quite a lot","size":37.2}]},{"name":"v114","title":"Confidence in the courts","children":[{"name":"A great deal","size":0},{"name":"Don't know","size":0},{"name":"No answer","size":0},{"name":"None at all","size":0},{"name":"Not very much","size":0},{"name":"Quite a lot","size":0}]},{"name":"v115","title":"Confidence in the government","children":[{"name":"A great deal","size":16.3},{"name":"Don't know","size":0},{"name":"No answer","size":0},{"name":"None at all","size":11.4},{"name":"Not very much","size":23.1},{"name":"Quite a lot","size":37}]},{"name":"v121","title":"Confidence in banks","children":[{"name":"A great deal","size":0},{"name":"Don't know","size":0},{"name":"No answer","size":0},{"name":"None at all","size":0},{"name":"Not very much","size":0},{"name":"Quite a lot","size":0}]},{"name":"v122","title":"Confidence in environmental organisations","children":[{"name":"A great deal","size":0},{"name":"Don't know","size":0},{"name":"No answer","size":0},{"name":"None at all","size":0},{"name":"Not very much","size":0},{"name":"Quite a lot","size":0}]},{"name":"v123","title":"Confidence in women's organisations","children":[{"name":"A great deal","size":0},{"name":"Don't know","size":0},{"name":"No answer","size":0},{"name":"None at all","size":0},{"name":"Not very much","size":0},{"name":"Quite a lot","size":0}]}],"name":"Egypt"},{"children":[{"name":"v108","title":"Confidence in churches","children":[{"name":"A great deal"},{"name":"Don't know","size":0},{"name":"No answer"},{"name":"None at all"},{"name":"Not very much"},{"name":"Quite a lot"}]},{"name":"v110","title":"Confidence in the press","children":[{"name":"A great deal"},{"name":"Don't know","size":0},{"name":"No answer"},{"name":"None at all"},{"name":"Not very much"},{"name":"Quite a lot"}]},{"name":"v113","title":"Confidence in the police","children":[{"name":"A great deal"},{"name":"Don't know","size":0},{"name":"No answer"},{"name":"None at all"},{"name":"Not very much"},{"name":"Quite a lot"}]},{"name":"v114","title":"Confidence in the courts","children":[{"name":"A great deal","size":0},{"name":"Don't know","size":0},{"name":"No answer","size":0},{"name":"None at all","size":0},{"name":"Not very much","size":0},{"name":"Quite a lot","size":0}]},{"name":"v115","title":"Confidence in the government","children":[{"name":"A great deal"},{"name":"Don't know","size":0},{"name":"No answer"},{"name":"None at all"},{"name":"Not very much"},{"name":"Quite a lot"}]},{"name":"v121","title":"Confidence in banks","children":[{"name":"A great deal","size":0},{"name":"Don't know","size":0},{"name":"No answer","size":0},{"name":"None at all","size":0},{"name":"Not very much","size":0},{"name":"Quite a lot","size":0}]},{"name":"v122","title":"Confidence in environmental organisations","children":[{"name":"A great deal"},{"name":"Don't know","size":0},{"name":"No answer"},{"name":"None at all"},{"name":"Not very much"},{"name":"Quite a lot"}]},{"name":"v123","title":"Confidence in women's organisations","children":[{"name":"A great deal"},{"name":"Don't know","size":0},{"name":"No answer"},{"name":"None at all"},{"name":"Not very much"},{"name":"Quite a lot"}]}],"name":"Ghana"},{"children":[{"name":"v108","title":"Confidence in churches","children":[{"name":"A great deal"},{"name":"Don't know","size":0},{"name":"No answer"},{"name":"None at all"},{"name":"Not very much"},{"name":"Quite a lot"}]},{"name":"v110","title":"Confidence in the press","children":[{"name":"A great deal"},{"name":"Don't know","size":0},{"name":"No answer"},{"name":"None at all"},{"name":"Not very much"},{"name":"Quite a lot"}]},{"name":"v113","title":"Confidence in the police","children":[{"name":"A great deal"},{"name":"Don't know","size":0},{"name":"No answer"},{"name":"None at all"},{"name":"Not very much"},{"name":"Quite a lot"}]},{"name":"v114","title":"Confidence in the courts","children":[{"name":"A great deal","size":0},{"name":"Don't know","size":0},{"name":"No answer","size":0},{"name":"None at all","size":0},{"name":"Not very much","size":0},{"name":"Quite a lot","size":0}]},{"name":"v115","title":"Confidence in the government","children":[{"name":"A great deal"},{"name":"Don't know","size":0},{"name":"No answer"},{"name":"None at all"},{"name":"Not very much"},{"name":"Quite a lot"}]},{"name":"v121","title":"Confidence in banks","children":[{"name":"A great deal","size":0},{"name":"Don't know","size":0},{"name":"No answer","size":0},{"name":"None at all","size":0},{"name":"Not very much","size":0},{"name":"Quite a lot","size":0}]},{"name":"v122","title":"Confidence in environmental organisations","children":[{"name":"A great deal"},{"name":"Don't know","size":0},{"name":"No answer"},{"name":"None at all"},{"name":"Not very much"},{"name":"Quite a lot"}]},{"name":"v123","title":"Confidence in women's organisations","children":[{"name":"A great deal"},{"name":"Don't know","size":0},{"name":"No answer"},{"name":"None at all"},{"name":"Not very much"},{"name":"Quite a lot"}]}],"name":"Libya"},{"children":[{"name":"v108","title":"Confidence in churches","children":[{"name":"A great deal","size":"98"},{"name":"Don't know","size":0},{"name":"No answer","size":"0"},{"name":"None at all","size":"0.2"},{"name":"Not very much","size":"0.1"},{"name":"Quite a lot","size":"1.5"}]},{"name":"v110","title":"Confidence in the press","children":[{"name":"A great deal","size":"16"},{"name":"Don't know","size":0},{"name":"No answer","size":"0"},{"name":"None at all","size":"21.9"},{"name":"Not very much","size":"28.4"},{"name":"Quite a lot","size":"14.2"}]},{"name":"v113","title":"Confidence in the police","children":[{"name":"A great deal","size":"27.7"},{"name":"Don't know","size":0},{"name":"No answer","size":"0"},{"name":"None at all","size":"20.5"},{"name":"Not very much","size":"21.7"},{"name":"Quite a lot","size":"23.8"}]},{"name":"v114","title":"Confidence in the courts","children":[{"name":"A great deal","size":0},{"name":"Don't know","size":0},{"name":"No answer","size":0},{"name":"None at all","size":0},{"name":"Not very much","size":0},{"name":"Quite a lot","size":0}]},{"name":"v115","title":"Confidence in the government","children":[{"name":"A great deal","size":"11.5"},{"name":"Don't know","size":0},{"name":"No answer","size":"0"},{"name":"None at all","size":"29"},{"name":"Not very much","size":"32.1"},{"name":"Quite a lot","size":"24.4"}]},{"name":"v121","title":"Confidence in banks","children":[{"name":"A great deal","size":0},{"name":"Don't know","size":0},{"name":"No answer","size":0},{"name":"None at all","size":0},{"name":"Not very much","size":0},{"name":"Quite a lot","size":0}]},{"name":"v122","title":"Confidence in environmental organisations","children":[{"name":"A great deal","size":"31.7"},{"name":"Don't know","size":0},{"name":"No answer","size":"0"},{"name":"None at all","size":"5.1"},{"name":"Not very much","size":"15.8"},{"name":"Quite a lot","size":"37.4"}]},{"name":"v123","title":"Confidence in women's organisations","children":[{"name":"A great deal","size":"13.7"},{"name":"Don't know","size":0},{"name":"No answer","size":"0"},{"name":"None at all","size":"33.2"},{"name":"Not very much","size":"11.4"},{"name":"Quite a lot","size":"13.4"}]}],"name":"Morocco"}],"name":"africa"},{"children":[{"children":[{"name":"v108","title":"Confidence in churches","children":[{"name":"A great deal"},{"name":"Don't know","size":0},{"name":"No answer"},{"name":"None at all"},{"name":"Not very much"},{"name":"Quite a lot"}]},{"name":"v110","title":"Confidence in the press","children":[{"name":"A great deal"},{"name":"Don't know","size":0},{"name":"No answer"},{"name":"None at all"},{"name":"Not very much"},{"name":"Quite a lot"}]},{"name":"v113","title":"Confidence in the police","children":[{"name":"A great deal"},{"name":"Don't know","size":0},{"name":"No answer"},{"name":"None at all"},{"name":"Not very much"},{"name":"Quite a lot"}]},{"name":"v114","title":"Confidence in the courts","children":[{"name":"A great deal","size":0},{"name":"Don't know","size":0},{"name":"No answer","size":0},{"name":"None at all","size":0},{"name":"Not very much","size":0},{"name":"Quite a lot","size":0}]},{"name":"v115","title":"Confidence in the government","children":[{"name":"A great deal"},{"name":"Don't know","size":0},{"name":"No answer"},{"name":"None at all"},{"name":"Not very much"},{"name":"Quite a lot"}]},{"name":"v121","title":"Confidence in banks","children":[{"name":"A great deal","size":0},{"name":"Don't know","size":0},{"name":"No answer","size":0},{"name":"None at all","size":0},{"name":"Not very much","size":0},{"name":"Quite a lot","size":0}]},{"name":"v122","title":"Confidence in environmental organisations","children":[{"name":"A great deal"},{"name":"Don't know","size":0},{"name":"No answer"},{"name":"None at all"},{"name":"Not very much"},{"name":"Quite a lot"}]},{"name":"v123","title":"Confidence in women's organisations","children":[{"name":"A great deal"},{"name":"Don't know","size":0},{"name":"No answer"},{"name":"None at all"},{"name":"Not very much"},{"name":"Quite a lot"}]}],"name":"Australia"}],"name":"oceania"},{"children":[{"children":[{"name":"v108","title":"Confidence in churches","children":[{"name":"A great deal"},{"name":"Don't know","size":0},{"name":"No answer"},{"name":"None at all"},{"name":"Not very much"},{"name":"Quite a lot"}]},{"name":"v110","title":"Confidence in the press","children":[{"name":"A great deal"},{"name":"Don't know","size":0},{"name":"No answer"},{"name":"None at all"},{"name":"Not very much"},{"name":"Quite a lot"}]},{"name":"v113","title":"Confidence in the police","children":[{"name":"A great deal"},{"name":"Don't know","size":0},{"name":"No answer"},{"name":"None at all"},{"name":"Not very much"},{"name":"Quite a lot"}]},{"name":"v114","title":"Confidence in the courts","children":[{"name":"A great deal","size":0},{"name":"Don't know","size":0},{"name":"No answer","size":0},{"name":"None at all","size":0},{"name":"Not very much","size":0},{"name":"Quite a lot","size":0}]},{"name":"v115","title":"Confidence in the government","children":[{"name":"A great deal"},{"name":"Don't know","size":0},{"name":"No answer"},{"name":"None at all"},{"name":"Not very much"},{"name":"Quite a lot"}]},{"name":"v121","title":"Confidence in banks","children":[{"name":"A great deal","size":0},{"name":"Don't know","size":0},{"name":"No answer","size":0},{"name":"None at all","size":0},{"name":"Not very much","size":0},{"name":"Quite a lot","size":0}]},{"name":"v122","title":"Confidence in environmental organisations","children":[{"name":"A great deal"},{"name":"Don't know","size":0},{"name":"No answer"},{"name":"None at all"},{"name":"Not very much"},{"name":"Quite a lot"}]},{"name":"v123","title":"Confidence in women's organisations","children":[{"name":"A great deal"},{"name":"Don't know","size":0},{"name":"No answer"},{"name":"None at all"},{"name":"Not very much"},{"name":"Quite a lot"}]}],"name":"Bahrain"},{"children":[{"name":"v108","title":"Confidence in churches","children":[{"name":"A great deal"},{"name":"Don't know","size":0},{"name":"No answer"},{"name":"None at all"},{"name":"Not very much"},{"name":"Quite a lot"}]},{"name":"v110","title":"Confidence in the press","children":[{"name":"A great deal"},{"name":"Don't know","size":0},{"name":"No answer"},{"name":"None at all"},{"name":"Not very much"},{"name":"Quite a lot"}]},{"name":"v113","title":"Confidence in the police","children":[{"name":"A great deal"},{"name":"Don't know","size":0},{"name":"No answer"},{"name":"None at all"},{"name":"Not very much"},{"name":"Quite a lot"}]},{"name":"v114","title":"Confidence in the courts","children":[{"name":"A great deal","size":0},{"name":"Don't know","size":0},{"name":"No answer","size":0},{"name":"None at all","size":0},{"name":"Not very much","size":0},{"name":"Quite a lot","size":0}]},{"name":"v115","title":"Confidence in the government","children":[{"name":"A great deal"},{"name":"Don't know","size":0},{"name":"No answer"},{"name":"None at all"},{"name":"Not very much"},{"name":"Quite a lot"}]},{"name":"v121","title":"Confidence in banks","children":[{"name":"A great deal","size":0},{"name":"Don't know","size":0},{"name":"No answer","size":0},{"name":"None at all","size":0},{"name":"Not very much","size":0},{"name":"Quite a lot","size":0}]},{"name":"v122","title":"Confidence in environmental organisations","children":[{"name":"A great deal"},{"name":"Don't know","size":0},{"name":"No answer"},{"name":"None at all"},{"name":"Not very much"},{"name":"Quite a lot"}]},{"name":"v123","title":"Confidence in women's organisations","children":[{"name":"A great deal"},{"name":"Don't know","size":0},{"name":"No answer"},{"name":"None at all"},{"name":"Not very much"},{"name":"Quite a lot"}]}],"name":"China"},{"children":[{"name":"v108","title":"Confidence in churches","children":[{"name":"A great deal"},{"name":"Don't know","size":0},{"name":"No answer"},{"name":"None at all"},{"name":"Not very much"},{"name":"Quite a lot"}]},{"name":"v110","title":"Confidence in the press","children":[{"name":"A great deal"},{"name":"Don't know","size":0},{"name":"No answer"},{"name":"None at all"},{"name":"Not very much"},{"name":"Quite a lot"}]},{"name":"v113","title":"Confidence in the police","children":[{"name":"A great deal"},{"name":"Don't know","size":0},{"name":"No answer"},{"name":"None at all"},{"name":"Not very much"},{"name":"Quite a lot"}]},{"name":"v114","title":"Confidence in the courts","children":[{"name":"A great deal","size":0},{"name":"Don't know","size":0},{"name":"No answer","size":0},{"name":"None at all","size":0},{"name":"Not very much","size":0},{"name":"Quite a lot","size":0}]},{"name":"v115","title":"Confidence in the government","children":[{"name":"A great deal"},{"name":"Don't know","size":0},{"name":"No answer"},{"name":"None at all"},{"name":"Not very much"},{"name":"Quite a lot"}]},{"name":"v121","title":"Confidence in banks","children":[{"name":"A great deal","size":0},{"name":"Don't know","size":0},{"name":"No answer","size":0},{"name":"None at all","size":0},{"name":"Not very much","size":0},{"name":"Quite a lot","size":0}]},{"name":"v122","title":"Confidence in environmental organisations","children":[{"name":"A great deal"},{"name":"Don't know","size":0},{"name":"No answer"},{"name":"None at all"},{"name":"Not very much"},{"name":"Quite a lot"}]},{"name":"v123","title":"Confidence in women's organisations","children":[{"name":"A great deal"},{"name":"Don't know","size":0},{"name":"No answer"},{"name":"None at all"},{"name":"Not very much"},{"name":"Quite a lot"}]}],"name":"Hong Kong"},{"children":[{"name":"v108","title":"Confidence in churches","children":[{"name":"A great deal"},{"name":"Don't know","size":0},{"name":"No answer"},{"name":"None at all"},{"name":"Not very much"},{"name":"Quite a lot"}]},{"name":"v110","title":"Confidence in the press","children":[{"name":"A great deal"},{"name":"Don't know","size":0},{"name":"No answer"},{"name":"None at all"},{"name":"Not very much"},{"name":"Quite a lot"}]},{"name":"v113","title":"Confidence in the police","children":[{"name":"A great deal"},{"name":"Don't know","size":0},{"name":"No answer"},{"name":"None at all"},{"name":"Not very much"},{"name":"Quite a lot"}]},{"name":"v114","title":"Confidence in the courts","children":[{"name":"A great deal","size":0},{"name":"Don't know","size":0},{"name":"No answer","size":0},{"name":"None at all","size":0},{"name":"Not very much","size":0},{"name":"Quite a lot","size":0}]},{"name":"v115","title":"Confidence in the government","children":[{"name":"A great deal"},{"name":"Don't know","size":0},{"name":"No answer"},{"name":"None at all"},{"name":"Not very much"},{"name":"Quite a lot"}]},{"name":"v121","title":"Confidence in banks","children":[{"name":"A great deal","size":0},{"name":"Don't know","size":0},{"name":"No answer","size":0},{"name":"None at all","size":0},{"name":"Not very much","size":0},{"name":"Quite a lot","size":0}]},{"name":"v122","title":"Confidence in environmental organisations","children":[{"name":"A great deal"},{"name":"Don't know","size":0},{"name":"No answer"},{"name":"None at all"},{"name":"Not very much"},{"name":"Quite a lot"}]},{"name":"v123","title":"Confidence in women's organisations","children":[{"name":"A great deal"},{"name":"Don't know","size":0},{"name":"No answer"},{"name":"None at all"},{"name":"Not very much"},{"name":"Quite a lot"}]}],"name":"HongKong"},{"children":[{"name":"v108","title":"Confidence in churches","children":[{"name":"A great deal","size":"60.7"},{"name":"Don't know","size":0},{"name":"No answer","size":"0.1"},{"name":"None at all","size":"4.8"},{"name":"Not very much","size":"12.3"},{"name":"Quite a lot","size":"18.2"}]},{"name":"v110","title":"Confidence in the press","children":[{"name":"A great deal","size":"9.5"},{"name":"Don't know","size":0},{"name":"No answer","size":"7"},{"name":"None at all","size":"1.8"},{"name":"Not very much","size":"26.8"},{"name":"Quite a lot","size":"54.8"}]},{"name":"v113","title":"Confidence in the police","children":[{"name":"A great deal","size":"12.7"},{"name":"Don't know","size":0},{"name":"No answer","size":"1.8"},{"name":"None at all","size":"4.4"},{"name":"Not very much","size":"22.5"},{"name":"Quite a lot","size":"58.6"}]},{"name":"v114","title":"Confidence in the courts","children":[{"name":"A great deal","size":0},{"name":"Don't know","size":0},{"name":"No answer","size":0},{"name":"None at all","size":0},{"name":"Not very much","size":0},{"name":"Quite a lot","size":0}]},{"name":"v115","title":"Confidence in the government","children":[{"name":"A great deal","size":"38.5"},{"name":"Don't know","size":0},{"name":"No answer","size":"1.6"},{"name":"None at all","size":"0.2"},{"name":"Not very much","size":"3"},{"name":"Quite a lot","size":"56.7"}]},{"name":"v121","title":"Confidence in banks","children":[{"name":"A great deal","size":0},{"name":"Don't know","size":0},{"name":"No answer","size":0},{"name":"None at all","size":0},{"name":"Not very much","size":0},{"name":"Quite a lot","size":0}]},{"name":"v122","title":"Confidence in environmental organisations","children":[{"name":"A great deal","size":"14.3"},{"name":"Don't know","size":0},{"name":"No answer","size":"0.1"},{"name":"None at all","size":"11.4"},{"name":"Not very much","size":"19.5"},{"name":"Quite a lot","size":"19"}]},{"name":"v123","title":"Confidence in women's organisations","children":[{"name":"A great deal","size":"9.8"},{"name":"Don't know","size":0},{"name":"No answer","size":"14.9"},{"name":"None at all","size":"0.4"},{"name":"Not very much","size":"6.4"},{"name":"Quite a lot","size":"68.4"}]}],"name":"India"},{"children":[{"name":"v108","title":"Confidence in churches","children":[{"name":"A great deal","size":"45.6"},{"name":"Don't know","size":0},{"name":"No answer","size":"1.5"},{"name":"None at all","size":"6"},{"name":"Not very much","size":"15.9"},{"name":"Quite a lot","size":"27.9"}]},{"name":"v110","title":"Confidence in the press","children":[{"name":"A great deal","size":"23.8"},{"name":"Don't know","size":0},{"name":"No answer","size":"0.1"},{"name":"None at all","size":"5.8"},{"name":"Not very much","size":"19.3"},{"name":"Quite a lot","size":"35.9"}]},{"name":"v113","title":"Confidence in the police","children":[{"name":"A great deal","size":"11"},{"name":"Don't know","size":0},{"name":"No answer","size":"0.1"},{"name":"None at all","size":"22.6"},{"name":"Not very much","size":"32.9"},{"name":"Quite a lot","size":"23"}]},{"name":"v114","title":"Confidence in the courts","children":[{"name":"A great deal","size":0},{"name":"Don't know","size":0},{"name":"No answer","size":0},{"name":"None at all","size":0},{"name":"Not very much","size":0},{"name":"Quite a lot","size":0}]},{"name":"v115","title":"Confidence in the government","children":[{"name":"A great deal","size":"15"},{"name":"Don't know","size":0},{"name":"No answer","size":"0.1"},{"name":"None at all","size":"13.1"},{"name":"Not very much","size":"24.8"},{"name":"Quite a lot","size":"33.5"}]},{"name":"v121","title":"Confidence in banks","children":[{"name":"A great deal","size":0},{"name":"Don't know","size":0},{"name":"No answer","size":0},{"name":"None at all","size":0},{"name":"Not very much","size":0},{"name":"Quite a lot","size":0}]},{"name":"v122","title":"Confidence in environmental organisations","children":[{"name":"A great deal","size":"5.1"},{"name":"Don't know","size":0},{"name":"No answer","size":"0"},{"name":"None at all","size":"4.8"},{"name":"Not very much","size":"32.8"},{"name":"Quite a lot","size":"44.9"}]},{"name":"v123","title":"Confidence in women's organisations","children":[{"name":"A great deal","size":"13.7"},{"name":"Don't know","size":0},{"name":"No answer","size":"0.1"},{"name":"None at all","size":"12.5"},{"name":"Not very much","size":"18.7"},{"name":"Quite a lot","size":"21"}]}],"name":"Iraq"},{"children":[{"name":"v108","title":"Confidence in churches","children":[{"name":"A great deal","size":"1.5"},{"name":"Don't know","size":0},{"name":"No answer","size":"0"},{"name":"None at all","size":"46.4"},{"name":"Not very much","size":"37.4"},{"name":"Quite a lot","size":"7.5"}]},{"name":"v110","title":"Confidence in the press","children":[{"name":"A great deal","size":"7.1"},{"name":"Don't know","size":0},{"name":"No answer","size":"0"},{"name":"None at all","size":"2"},{"name":"Not very much","size":"24"},{"name":"Quite a lot","size":"63.1"}]},{"name":"v113","title":"Confidence in the police","children":[{"name":"A great deal","size":"6.1"},{"name":"Don't know","size":0},{"name":"No answer","size":"0"},{"name":"None at all","size":"7.9"},{"name":"Not very much","size":"39.4"},{"name":"Quite a lot","size":"42"}]},{"name":"v114","title":"Confidence in the courts","children":[{"name":"A great deal","size":0},{"name":"Don't know","size":0},{"name":"No answer","size":0},{"name":"None at all","size":0},{"name":"Not very much","size":0},{"name":"Quite a lot","size":0}]},{"name":"v115","title":"Confidence in the government","children":[{"name":"A great deal","size":"10.8"},{"name":"Don't know","size":0},{"name":"No answer","size":"1.3"},{"name":"None at all","size":"28.5"},{"name":"Not very much","size":"26.9"},{"name":"Quite a lot","size":"25.6"}]},{"name":"v121","title":"Confidence in banks","children":[{"name":"A great deal","size":0},{"name":"Don't know","size":0},{"name":"No answer","size":0},{"name":"None at all","size":0},{"name":"Not very much","size":0},{"name":"Quite a lot","size":0}]},{"name":"v122","title":"Confidence in environmental organisations","children":[{"name":"A great deal","size":"21.9"},{"name":"Don't know","size":0},{"name":"No answer","size":"0.2"},{"name":"None at all","size":"6.6"},{"name":"Not very much","size":"19.7"},{"name":"Quite a lot","size":"35.5"}]},{"name":"v123","title":"Confidence in women's organisations","children":[{"name":"A great deal","size":"2.9"},{"name":"Don't know","size":0},{"name":"No answer","size":"0"},{"name":"None at all","size":"7"},{"name":"Not very much","size":"38.3"},{"name":"Quite a lot","size":"33.7"}]}],"name":"Japan"},{"children":[{"name":"v108","title":"Confidence in churches","children":[{"name":"A great deal","size":"60.2"},{"name":"Don't know","size":0},{"name":"No answer","size":"0.1"},{"name":"None at all","size":"1.1"},{"name":"Not very much","size":"7.7"},{"name":"Quite a lot","size":"27.5"}]},{"name":"v110","title":"Confidence in the press","children":[{"name":"A great deal","size":"21.4"},{"name":"Don't know","size":0},{"name":"No answer","size":"0"},{"name":"None at all","size":"8.1"},{"name":"Not very much","size":"30"},{"name":"Quite a lot","size":"34.2"}]},{"name":"v113","title":"Confidence in the police","children":[{"name":"A great deal","size":"57.7"},{"name":"Don't know","size":0},{"name":"No answer","size":"0.1"},{"name":"None at all","size":"1.9"},{"name":"Not very much","size":"7.1"},{"name":"Quite a lot","size":"30"}]},{"name":"v114","title":"Confidence in the courts","children":[{"name":"A great deal","size":0},{"name":"Don't know","size":0},{"name":"No answer","size":0},{"name":"None at all","size":0},{"name":"Not very much","size":0},{"name":"Quite a lot","size":0}]},{"name":"v115","title":"Confidence in the government","children":[{"name":"A great deal","size":"1.8"},{"name":"Don't know","size":0},{"name":"No answer","size":"0"},{"name":"None at all","size":"17.5"},{"name":"Not very much","size":"50.7"},{"name":"Quite a lot","size":"23.6"}]},{"name":"v121","title":"Confidence in banks","children":[{"name":"A great deal","size":0},{"name":"Don't know","size":0},{"name":"No answer","size":0},{"name":"None at all","size":0},{"name":"Not very much","size":0},{"name":"Quite a lot","size":0}]},{"name":"v122","title":"Confidence in environmental organisations","children":[{"name":"A great deal","size":"9.7"},{"name":"Don't know","size":0},{"name":"No answer","size":"0"},{"name":"None at all","size":"17.4"},{"name":"Not very much","size":"33.1"},{"name":"Quite a lot","size":"37.5"}]},{"name":"v123","title":"Confidence in women's organisations","children":[{"name":"A great deal","size":"16.3"},{"name":"Don't know","size":0},{"name":"No answer","size":"0.3"},{"name":"None at all","size":"14.4"},{"name":"Not very much","size":"24.8"},{"name":"Quite a lot","size":"27.2"}]}],"name":"Jordan"},{"children":[{"name":"v108","title":"Confidence in churches","children":[{"name":"A great deal"},{"name":"Don't know","size":0},{"name":"No answer"},{"name":"None at all"},{"name":"Not very much"},{"name":"Quite a lot"}]},{"name":"v110","title":"Confidence in the press","children":[{"name":"A great deal"},{"name":"Don't know","size":0},{"name":"No answer"},{"name":"None at all"},{"name":"Not very much"},{"name":"Quite a lot"}]},{"name":"v113","title":"Confidence in the police","children":[{"name":"A great deal"},{"name":"Don't know","size":0},{"name":"No answer"},{"name":"None at all"},{"name":"Not very much"},{"name":"Quite a lot"}]},{"name":"v114","title":"Confidence in the courts","children":[{"name":"A great deal","size":0},{"name":"Don't know","size":0},{"name":"No answer","size":0},{"name":"None at all","size":0},{"name":"Not very much","size":0},{"name":"Quite a lot","size":0}]},{"name":"v115","title":"Confidence in the government","children":[{"name":"A great deal"},{"name":"Don't know","size":0},{"name":"No answer"},{"name":"None at all"},{"name":"Not very much"},{"name":"Quite a lot"}]},{"name":"v121","title":"Confidence in banks","children":[{"name":"A great deal","size":0},{"name":"Don't know","size":0},{"name":"No answer","size":0},{"name":"None at all","size":0},{"name":"Not very much","size":0},{"name":"Quite a lot","size":0}]},{"name":"v122","title":"Confidence in environmental organisations","children":[{"name":"A great deal"},{"name":"Don't know","size":0},{"name":"No answer"},{"name":"None at all"},{"name":"Not very much"},{"name":"Quite a lot"}]},{"name":"v123","title":"Confidence in women's organisations","children":[{"name":"A great deal"},{"name":"Don't know","size":0},{"name":"No answer"},{"name":"None at all"},{"name":"Not very much"},{"name":"Quite a lot"}]}],"name":"Kazakhstan"},{"children":[{"name":"v108","title":"Confidence in churches","children":[{"name":"A great deal"},{"name":"Don't know","size":0},{"name":"No answer"},{"name":"None at all"},{"name":"Not very much"},{"name":"Quite a lot"}]},{"name":"v110","title":"Confidence in the press","children":[{"name":"A great deal"},{"name":"Don't know","size":0},{"name":"No answer"},{"name":"None at all"},{"name":"Not very much"},{"name":"Quite a lot"}]},{"name":"v113","title":"Confidence in the police","children":[{"name":"A great deal"},{"name":"Don't know","size":0},{"name":"No answer"},{"name":"None at all"},{"name":"Not very much"},{"name":"Quite a lot"}]},{"name":"v114","title":"Confidence in the courts","children":[{"name":"A great deal","size":0},{"name":"Don't know","size":0},{"name":"No answer","size":0},{"name":"None at all","size":0},{"name":"Not very much","size":0},{"name":"Quite a lot","size":0}]},{"name":"v115","title":"Confidence in the government","children":[{"name":"A great deal"},{"name":"Don't know","size":0},{"name":"No answer"},{"name":"None at all"},{"name":"Not very much"},{"name":"Quite a lot"}]},{"name":"v121","title":"Confidence in banks","children":[{"name":"A great deal","size":0},{"name":"Don't know","size":0},{"name":"No answer","size":0},{"name":"None at all","size":0},{"name":"Not very much","size":0},{"name":"Quite a lot","size":0}]},{"name":"v122","title":"Confidence in environmental organisations","children":[{"name":"A great deal"},{"name":"Don't know","size":0},{"name":"No answer"},{"name":"None at all"},{"name":"Not very much"},{"name":"Quite a lot"}]},{"name":"v123","title":"Confidence in women's organisations","children":[{"name":"A great deal"},{"name":"Don't know","size":0},{"name":"No answer"},{"name":"None at all"},{"name":"Not very much"},{"name":"Quite a lot"}]}],"name":"Kuwait"},{"children":[{"name":"v108","title":"Confidence in churches","children":[{"name":"A great deal"},{"name":"Don't know","size":0},{"name":"No answer"},{"name":"None at all"},{"name":"Not very much"},{"name":"Quite a lot"}]},{"name":"v110","title":"Confidence in the press","children":[{"name":"A great deal"},{"name":"Don't know","size":0},{"name":"No answer"},{"name":"None at all"},{"name":"Not very much"},{"name":"Quite a lot"}]},{"name":"v113","title":"Confidence in the police","children":[{"name":"A great deal"},{"name":"Don't know","size":0},{"name":"No answer"},{"name":"None at all"},{"name":"Not very much"},{"name":"Quite a lot"}]},{"name":"v114","title":"Confidence in the courts","children":[{"name":"A great deal","size":0},{"name":"Don't know","size":0},{"name":"No answer","size":0},{"name":"None at all","size":0},{"name":"Not very much","size":0},{"name":"Quite a lot","size":0}]},{"name":"v115","title":"Confidence in the government","children":[{"name":"A great deal"},{"name":"Don't know","size":0},{"name":"No answer"},{"name":"None at all"},{"name":"Not very much"},{"name":"Quite a lot"}]},{"name":"v121","title":"Confidence in banks","children":[{"name":"A great deal","size":0},{"name":"Don't know","size":0},{"name":"No answer","size":0},{"name":"None at all","size":0},{"name":"Not very much","size":0},{"name":"Quite a lot","size":0}]},{"name":"v122","title":"Confidence in environmental organisations","children":[{"name":"A great deal"},{"name":"Don't know","size":0},{"name":"No answer"},{"name":"None at all"},{"name":"Not very much"},{"name":"Quite a lot"}]},{"name":"v123","title":"Confidence in women's organisations","children":[{"name":"A great deal"},{"name":"Don't know","size":0},{"name":"No answer"},{"name":"None at all"},{"name":"Not very much"},{"name":"Quite a lot"}]}],"name":"Lebanon"},{"children":[{"name":"v108","title":"Confidence in churches","children":[{"name":"A great deal"},{"name":"Don't know","size":0},{"name":"No answer"},{"name":"None at all"},{"name":"Not very much"},{"name":"Quite a lot"}]},{"name":"v110","title":"Confidence in the press","children":[{"name":"A great deal"},{"name":"Don't know","size":0},{"name":"No answer"},{"name":"None at all"},{"name":"Not very much"},{"name":"Quite a lot"}]},{"name":"v113","title":"Confidence in the police","children":[{"name":"A great deal"},{"name":"Don't know","size":0},{"name":"No answer"},{"name":"None at all"},{"name":"Not very much"},{"name":"Quite a lot"}]},{"name":"v114","title":"Confidence in the courts","children":[{"name":"A great deal","size":0},{"name":"Don't know","size":0},{"name":"No answer","size":0},{"name":"None at all","size":0},{"name":"Not very much","size":0},{"name":"Quite a lot","size":0}]},{"name":"v115","title":"Confidence in the government","children":[{"name":"A great deal"},{"name":"Don't know","size":0},{"name":"No answer"},{"name":"None at all"},{"name":"Not very much"},{"name":"Quite a lot"}]},{"name":"v121","title":"Confidence in banks","children":[{"name":"A great deal","size":0},{"name":"Don't know","size":0},{"name":"No answer","size":0},{"name":"None at all","size":0},{"name":"Not very much","size":0},{"name":"Quite a lot","size":0}]},{"name":"v122","title":"Confidence in environmental organisations","children":[{"name":"A great deal"},{"name":"Don't know","size":0},{"name":"No answer"},{"name":"None at all"},{"name":"Not very much"},{"name":"Quite a lot"}]},{"name":"v123","title":"Confidence in women's organisations","children":[{"name":"A great deal"},{"name":"Don't know","size":0},{"name":"No answer"},{"name":"None at all"},{"name":"Not very much"},{"name":"Quite a lot"}]}],"name":"Malaysia"}],"name":"asia"},{"children":[{"children":[{"name":"v108","title":"Confidence in churches","children":[{"name":"A great deal","size":"54.3"},{"name":"Don't know","size":0},{"name":"No answer","size":"0"},{"name":"None at all","size":"4.9"},{"name":"Not very much","size":"13.2"},{"name":"Quite a lot","size":"26.4"}]},{"name":"v110","title":"Confidence in the press","children":[{"name":"A great deal","size":"12.5"},{"name":"Don't know","size":0},{"name":"No answer","size":"0"},{"name":"None at all","size":"20.6"},{"name":"Not very much","size":"34.2"},{"name":"Quite a lot","size":"26.6"}]},{"name":"v113","title":"Confidence in the police","children":[{"name":"A great deal","size":"9.2"},{"name":"Don't know","size":0},{"name":"No answer","size":"0"},{"name":"None at all","size":"34.6"},{"name":"Not very much","size":"34.3"},{"name":"Quite a lot","size":"19.9"}]},{"name":"v114","title":"Confidence in the courts","children":[{"name":"A great deal","size":0},{"name":"Don't know","size":0},{"name":"No answer","size":0},{"name":"None at all","size":0},{"name":"Not very much","size":0},{"name":"Quite a lot","size":0}]},{"name":"v115","title":"Confidence in the government","children":[{"name":"A great deal","size":"5.8"},{"name":"Don't know","size":0},{"name":"No answer","size":"0"},{"name":"None at all","size":"27.4"},{"name":"Not very much","size":"37"},{"name":"Quite a lot","size":"29.1"}]},{"name":"v121","title":"Confidence in banks","children":[{"name":"A great deal","size":0},{"name":"Don't know","size":0},{"name":"No answer","size":0},{"name":"None at all","size":0},{"name":"Not very much","size":0},{"name":"Quite a lot","size":0}]},{"name":"v122","title":"Confidence in environmental organisations","children":[{"name":"A great deal","size":"24.3"},{"name":"Don't know","size":0},{"name":"No answer","size":"0"},{"name":"None at all","size":"8.9"},{"name":"Not very much","size":"11.1"},{"name":"Quite a lot","size":"19.8"}]},{"name":"v123","title":"Confidence in women's organisations","children":[{"name":"A great deal","size":"9.1"},{"name":"Don't know","size":0},{"name":"No answer","size":"0"},{"name":"None at all","size":"25.6"},{"name":"Not very much","size":"24.4"},{"name":"Quite a lot","size":"22.5"}]}],"name":"Mexico"}],"name":"north america"}]}
